-- MySQL dump 10.13  Distrib 8.0.28, for Win64 (x86_64)
--
-- Host: localhost    Database: musicapp
-- ------------------------------------------------------
-- Server version	8.0.28

/*!40101 SET @OLD_CHARACTER_SET_CLIENT=@@CHARACTER_SET_CLIENT */;
/*!40101 SET @OLD_CHARACTER_SET_RESULTS=@@CHARACTER_SET_RESULTS */;
/*!40101 SET @OLD_COLLATION_CONNECTION=@@COLLATION_CONNECTION */;
/*!50503 SET NAMES utf8 */;
/*!40103 SET @OLD_TIME_ZONE=@@TIME_ZONE */;
/*!40103 SET TIME_ZONE='+00:00' */;
/*!40014 SET @OLD_UNIQUE_CHECKS=@@UNIQUE_CHECKS, UNIQUE_CHECKS=0 */;
/*!40014 SET @OLD_FOREIGN_KEY_CHECKS=@@FOREIGN_KEY_CHECKS, FOREIGN_KEY_CHECKS=0 */;
/*!40101 SET @OLD_SQL_MODE=@@SQL_MODE, SQL_MODE='NO_AUTO_VALUE_ON_ZERO' */;
/*!40111 SET @OLD_SQL_NOTES=@@SQL_NOTES, SQL_NOTES=0 */;

--
-- Table structure for table `access_tokens`
--

DROP TABLE IF EXISTS `access_tokens`;
/*!40101 SET @saved_cs_client     = @@character_set_client */;
/*!50503 SET character_set_client = utf8mb4 */;
CREATE TABLE `access_tokens` (
  `id` bigint unsigned NOT NULL AUTO_INCREMENT,
  `account_id` bigint unsigned NOT NULL,
  `access_token` text COLLATE utf8mb4_unicode_ci NOT NULL,
  `refresh_token` text COLLATE utf8mb4_unicode_ci NOT NULL,
  `expires_in` int NOT NULL,
  `deleted_at` timestamp NULL DEFAULT NULL,
  `created_at` timestamp NULL DEFAULT NULL,
  `updated_at` timestamp NULL DEFAULT NULL,
  PRIMARY KEY (`id`)
) ENGINE=InnoDB DEFAULT CHARSET=utf8mb4 COLLATE=utf8mb4_unicode_ci;
/*!40101 SET character_set_client = @saved_cs_client */;

--
-- Dumping data for table `access_tokens`
--

LOCK TABLES `access_tokens` WRITE;
/*!40000 ALTER TABLE `access_tokens` DISABLE KEYS */;
/*!40000 ALTER TABLE `access_tokens` ENABLE KEYS */;
UNLOCK TABLES;

--
-- Table structure for table `accounts`
--

DROP TABLE IF EXISTS `accounts`;
/*!40101 SET @saved_cs_client     = @@character_set_client */;
/*!50503 SET character_set_client = utf8mb4 */;
CREATE TABLE `accounts` (
  `id` bigint unsigned NOT NULL AUTO_INCREMENT,
  `uid` varchar(255) COLLATE utf8mb4_unicode_ci NOT NULL,
  `username` varchar(255) COLLATE utf8mb4_unicode_ci NOT NULL,
  `role` tinyint NOT NULL DEFAULT '1' COMMENT '1: user, 2:admin',
  `avatar` varchar(255) COLLATE utf8mb4_unicode_ci DEFAULT NULL,
  `created_at` timestamp NULL DEFAULT NULL,
  `updated_at` timestamp NULL DEFAULT NULL,
  PRIMARY KEY (`id`),
  UNIQUE KEY `accounts_username_unique` (`username`)
) ENGINE=InnoDB AUTO_INCREMENT=2 DEFAULT CHARSET=utf8mb4 COLLATE=utf8mb4_unicode_ci;
/*!40101 SET character_set_client = @saved_cs_client */;

--
-- Dumping data for table `accounts`
--

LOCK TABLES `accounts` WRITE;
/*!40000 ALTER TABLE `accounts` DISABLE KEYS */;
INSERT INTO `accounts` VALUES (1,'5258193987502002572','Đào Thu Hằng',2,'https://s120-ava-talk.zadn.vn/9/6/2/0/2/120/ee95e215ecffddc91ee265255368c290.jpg','2023-11-28 07:42:10','2023-11-28 07:42:10');
/*!40000 ALTER TABLE `accounts` ENABLE KEYS */;
UNLOCK TABLES;

--
-- Table structure for table `actions`
--

DROP TABLE IF EXISTS `actions`;
/*!40101 SET @saved_cs_client     = @@character_set_client */;
/*!50503 SET character_set_client = utf8mb4 */;
CREATE TABLE `actions` (
  `id` bigint unsigned NOT NULL AUTO_INCREMENT,
  `account_id` bigint unsigned DEFAULT NULL,
  `ip` varchar(255) COLLATE utf8mb4_unicode_ci DEFAULT NULL,
  `item_id` bigint unsigned NOT NULL,
  `type` tinyint NOT NULL DEFAULT '1' COMMENT '1:like, 2:listen',
  `item` tinyint NOT NULL DEFAULT '1' COMMENT '1:album, 2:song',
  `created_at` timestamp NULL DEFAULT NULL,
  `updated_at` timestamp NULL DEFAULT NULL,
  PRIMARY KEY (`id`)
) ENGINE=InnoDB DEFAULT CHARSET=utf8mb4 COLLATE=utf8mb4_unicode_ci;
/*!40101 SET character_set_client = @saved_cs_client */;

--
-- Dumping data for table `actions`
--

LOCK TABLES `actions` WRITE;
/*!40000 ALTER TABLE `actions` DISABLE KEYS */;
/*!40000 ALTER TABLE `actions` ENABLE KEYS */;
UNLOCK TABLES;

--
-- Table structure for table `albums`
--

DROP TABLE IF EXISTS `albums`;
/*!40101 SET @saved_cs_client     = @@character_set_client */;
/*!50503 SET character_set_client = utf8mb4 */;
CREATE TABLE `albums` (
  `id` bigint unsigned NOT NULL AUTO_INCREMENT,
  `title` varchar(100) COLLATE utf8mb4_unicode_ci NOT NULL,
  `thumbnail` varchar(255) COLLATE utf8mb4_unicode_ci DEFAULT NULL,
  `description` text COLLATE utf8mb4_unicode_ci,
  `account_id` bigint unsigned NOT NULL,
  `type` varchar(255) COLLATE utf8mb4_unicode_ci NOT NULL DEFAULT '1' COMMENT '1:album; 2:playlist; 3-*:top100',
  `released_at` date DEFAULT NULL,
  `deleted_at` timestamp NULL DEFAULT NULL,
  `created_at` timestamp NULL DEFAULT NULL,
  `updated_at` timestamp NULL DEFAULT NULL,
  PRIMARY KEY (`id`),
  UNIQUE KEY `albums_title_unique` (`title`),
  FULLTEXT KEY `search` (`title`)
) ENGINE=InnoDB AUTO_INCREMENT=126 DEFAULT CHARSET=utf8mb4 COLLATE=utf8mb4_unicode_ci;
/*!40101 SET character_set_client = @saved_cs_client */;

--
-- Dumping data for table `albums`
--

LOCK TABLES `albums` WRITE;
/*!40000 ALTER TABLE `albums` DISABLE KEYS */;
INSERT INTO `albums` VALUES (7,'EDM Now','https://photo-resize-zmp3.zmdcdn.me/w165_r1x1_jpeg/cover/2/b/2/d/2b2d855c92cb396bead07ed70c33a00b.jpg','EDM Âu Mỹ mới ra lò, 1 click là lên luôn',1,'2',NULL,NULL,'2023-11-28 04:17:24','2023-11-28 04:17:24'),(10,'EDM Việt Gây Nghiện','https://photo-resize-zmp3.zmdcdn.me/w165_r1x1_jpeg/cover/8/c/e/9/8ce9abbbdb04cd95262082d923a0f7dd.jpg','Đặc sản EDM của làng nhạc Việt',1,'2',NULL,NULL,'2023-11-28 04:17:24','2023-11-28 04:17:24'),(12,'K-EDM','https://photo-resize-zmp3.zmdcdn.me/w165_r1x1_jpeg/cover/2/b/9/5/2b95295cc8d46627e5964ef748dcc85f.jpg','Đốt cháy năng lượng với những track EDM Hàn',1,'2',NULL,NULL,'2023-11-28 04:17:24','2023-11-28 04:17:24'),(13,'Remix Việt Ngày Nay','https://photo-resize-zmp3.zmdcdn.me/w165_r1x1_jpeg/cover/d/d/0/1/dd014bd54f902fcf2b2f975261886429.jpg','Xập xình cả ngày với những bản Remix nóng nhất hiện nay',1,'2',NULL,NULL,'2023-11-28 04:17:24','2023-11-28 04:17:24'),(14,'Nhạc Trẻ Vinahouse','https://photo-resize-zmp3.zmdcdn.me/w165_r1x1_jpeg/cover/9/e/8/c/9e8c67c23bace04d5e0e99b850ced883.jpg','Tuyển tập nhạc trẻ Vinahouse V-Pop cực đỉnh',1,'2',NULL,NULL,'2023-11-28 04:17:24','2023-11-28 04:17:24'),(16,'Remix 50: Zing Choice','https://photo-resize-zmp3.zmdcdn.me/w165_r1x1_jpeg/cover/0/0/2/2/002212df89c3a2cc6c4caff37b63be95.jpg','50 bản remix hay nhất đến từ vị trí của Zing MP3',1,'2',NULL,NULL,'2023-11-28 04:17:24','2023-11-28 04:17:24'),(17,'TikTok Remix','https://photo-resize-zmp3.zmdcdn.me/w165_r1x1_jpeg/cover/a/7/e/f/a7eff06ffdc4981ebd498674c5502220.jpg','Xập xình với những bản Remix hot nhất mạng xã hội',1,'2',NULL,NULL,'2023-11-28 04:17:24','2023-11-28 04:17:24'),(18,'V-Pop Remix','https://photo-resize-zmp3.zmdcdn.me/w165_r1x1_jpeg/cover/b/8/9/3/b89373d04f7f5ad6474575d91487e17c.jpg','Lên là lên là lên với các bản V-Pop Remix sôi động',1,'2',NULL,NULL,'2023-11-28 04:17:24','2023-11-28 04:17:24'),(19,'Twelve Carat Toothache','https://photo-resize-zmp3.zmdcdn.me/w165_r1x1_jpeg/cover/1/4/8/b/148b64a5c0dacda4acc2a82b45180712.jpg','',1,'1','2022-06-03',NULL,'2023-11-28 04:17:24','2023-11-28 04:17:24'),(20,'GOD DID','https://photo-resize-zmp3.zmdcdn.me/w165_r1x1_jpeg/cover/c/7/4/5/c74574982852043589918bf021acc666.jpg','',1,'1','2022-08-26',NULL,'2023-11-28 04:17:24','2023-11-28 04:17:24'),(25,'Are & Be','https://photo-resize-zmp3.zmdcdn.me/w165_r1x1_jpeg/cover/c/0/d/1/c0d1e41bdd7ac587693682eec8a4aca8.jpg','Những track R&B mới ra lò đáng nghe nhất',1,'2',NULL,NULL,'2023-11-28 04:17:24','2023-11-28 04:17:24'),(27,'Chill & Feel','https://photo-resize-zmp3.zmdcdn.me/w165_r1x1_jpeg/cover/5/d/8/0/5d80e0e32e66bd69fc9481f6eefcaf87.jpg','Để chiếc playlist này rót mật vào tai một cách êm ái',1,'2',NULL,NULL,'2023-11-28 04:17:24','2023-11-28 04:17:24'),(28,'Urban Hits','https://photo-resize-zmp3.zmdcdn.me/w165_r1x1_jpeg/cover/e/b/5/f/eb5f3652197996ce064047861cb5b5f8.jpg','Nghe mãi không chán những bản R&B cực bốc',1,'2',NULL,NULL,'2023-11-28 04:17:24','2023-11-28 04:17:24'),(32,'Nhạc Phim Việt Nam Mới Nhất','https://photo-resize-zmp3.zmdcdn.me/w165_r1x1_jpeg/cover/1/8/3/d/183d392c896d72c9c88a162b31a07fe4.jpg','Phim mới ra mắt không thể thiếu những bản OST xịn sò',1,'2',NULL,NULL,'2023-11-28 04:17:24','2023-11-28 04:17:24'),(35,'Nhạc Phim Series Việt Hay Nhất','https://photo-resize-zmp3.zmdcdn.me/w165_r1x1_jpeg/cover/2/3/0/0/230058d90eb72673cbc7bc0a6460311f.jpg','Những bản nhạc phim xuất sắc góp phần tạo nên thành công cho các tác phẩm trên màn ảnh nhỏ Việt Nam',1,'2',NULL,NULL,'2023-11-28 04:17:24','2023-11-28 04:17:24'),(46,'Nhạc Không Lời Hay Nhất','https://photo-resize-zmp3.zmdcdn.me/w165_r1x1_jpeg/cover/f/9/d/7/f9d74e7f6c778c112971121297fc5f0c.jpg','Sự lựa chọn hoàn hảo dành cho người yêu thể loại nhạc không lời',1,'2',NULL,NULL,'2023-11-28 04:17:24','2023-11-28 04:17:24'),(67,'Indie Việt','https://photo-resize-zmp3.zmdcdn.me/w165_r1x1_jpeg/cover/a/7/f/e/a7feb11d49cb80484cae5d0062a7cb01.jpg','Những track mà fan của Indie Việt phải biết',1,'2',NULL,NULL,'2023-11-28 04:17:24','2023-11-28 04:17:24'),(68,'Cà Phê Cùng Indie Việt','https://photo-resize-zmp3.zmdcdn.me/w165_r1x1_jpeg/cover/a/3/6/6/a3667c186017381c33af3d23acc6d053.jpg','Nhâm nhi một chút Indie chất như ly cà phê bạn uống',1,'2',NULL,NULL,'2023-11-28 04:17:24','2023-11-28 04:17:24'),(69,'Indie Việt Cũ Mà Hay','https://photo-resize-zmp3.zmdcdn.me/w165_r1x1_jpeg/cover/e/a/0/d/ea0dc26617d94e87f4b559c7bbf6bdaf.jpg','Cùng nhau nghe lại những bản Indie Việt hay nhất đã cũ',1,'2',NULL,NULL,'2023-11-28 04:17:24','2023-11-28 04:17:24'),(70,'thanh âm indie buồn','https://photo-resize-zmp3.zmdcdn.me/w165_r1x1_jpeg/cover/9/d/4/1/9d416b054ce29523f211985d8efee04a.jpg','Thả một chút buồn vào những thanh âm Indie Việt',1,'2',NULL,NULL,'2023-11-28 04:17:24','2023-11-28 04:17:24'),(81,'Acoustic Ký Ức','https://photo-resize-zmp3.zmdcdn.me/w165_r1x1_jpeg/cover/b/f/f/8/bff88f5ab647e1f2242067b24df02f2a.jpg','Ký ức ùa về cùng những giọng ca rất đỗi mộc mạc',1,'2',NULL,NULL,'2023-11-28 04:17:24','2023-11-28 04:17:24'),(84,'Acoustic Relax','https://photo-resize-zmp3.zmdcdn.me/w165_r1x1_jpeg/cover/7/d/9/4/7d941178d173fd2856b09e65ff76f313.jpg','Những bài hát Acoustic Hàn quốc với giai điệu nhẹ nhàng, trong trẻo sẽ giúp bạn có những giờ phút thư giãn sau một ngày mệt mỏi',1,'2',NULL,NULL,'2023-11-28 04:17:24','2023-11-28 04:17:24'),(95,'Chamber Essential','https://photo-resize-zmp3.zmdcdn.me/w165_r1x1_jpeg/cover/1/2/9/f/129f4804d547a2cfe2833994cb673203.jpg','Nhạc cổ điển thính phòng chọn lọc cho không gian ấm cúng và thân mật',1,'2',NULL,NULL,'2023-11-28 04:17:24','2023-11-28 04:17:24'),(105,'Top 100 Nhạc EDM Việt hay nhất','https://photo-resize-zmp3.zmdcdn.me/w240_r1x1_jpeg/cover/8/e/1/7/8e17d3e8f82a83645b43ad61a89abfae.jpg','Top 100 EDM Việt là danh sách 100 ca khúc hot nhất hiện tại của thể loại EDM Việt, được App tự động tổng hợp dựa trên thông tin số liệu lượt nghe và lượt yêu thích của từng bài hát. Dữ liệu sẽ được lấy trong 30 ngày gần nhất và được cập nhật liên tục.',1,'3-Việt Nam',NULL,NULL,'2023-11-28 10:59:39','2024-01-05 10:00:40'),(107,'Top 100 Nhạc Nhạc Phim hay nhất','https://photo-resize-zmp3.zmdcdn.me/w240_r1x1_jpeg/cover/f/f/c/b/ffcbc36f9bb752a8cec6cbd6d341a122.jpg','Top 100 Nhạc Phim là danh sách 100 ca khúc hot nhất hiện tại của thể loại Nhạc Phim, được App tự động tổng hợp dựa trên thông tin số liệu lượt nghe và lượt yêu thích của từng bài hát. Dữ liệu sẽ được lấy trong 30 ngày gần nhất và được cập nhật liên tục.',1,'3-Việt Nam',NULL,NULL,'2023-11-28 10:59:46','2024-01-05 10:00:47'),(116,'Top 100 Nhạc Hàn Quốc hay nhất','https://photo-resize-zmp3.zmdcdn.me/w240_r1x1_jpeg/cover/c/c/f/7/ccf70e6ea2dab39d63b57f8c0298f20b.jpg','Top 100 Hàn Quốc là danh sách 100 ca khúc hot nhất hiện tại của thể loại Hàn Quốc, được App tự động tổng hợp dựa trên thông tin số liệu lượt nghe và lượt yêu thích của từng bài hát. Dữ liệu sẽ được lấy trong 30 ngày gần nhất và được cập nhật liên tục.',1,'3-Châu Á',NULL,NULL,'2023-11-28 11:00:15','2024-01-05 10:00:12'),(125,'ahihi2',NULL,NULL,2,'2',NULL,'2023-12-03 11:13:40','2023-11-28 17:55:33','2023-12-03 11:13:40');
/*!40000 ALTER TABLE `albums` ENABLE KEYS */;
UNLOCK TABLES;

--
-- Table structure for table `albums_songs`
--

DROP TABLE IF EXISTS `albums_songs`;
/*!40101 SET @saved_cs_client     = @@character_set_client */;
/*!50503 SET character_set_client = utf8mb4 */;
CREATE TABLE `albums_songs` (
  `id` bigint unsigned NOT NULL AUTO_INCREMENT,
  `album_id` bigint unsigned NOT NULL,
  `song_id` bigint unsigned NOT NULL,
  `created_at` timestamp NULL DEFAULT NULL,
  `updated_at` timestamp NULL DEFAULT NULL,
  PRIMARY KEY (`id`)
) ENGINE=InnoDB AUTO_INCREMENT=113536 DEFAULT CHARSET=utf8mb4 COLLATE=utf8mb4_unicode_ci;
/*!40101 SET character_set_client = @saved_cs_client */;

--
-- Dumping data for table `albums_songs`
--

LOCK TABLES `albums_songs` WRITE;
/*!40000 ALTER TABLE `albums_songs` DISABLE KEYS */;
INSERT INTO `albums_songs` VALUES (112042,116,393,NULL,NULL),(112043,116,391,NULL,NULL),(112044,116,399,NULL,NULL),(112045,116,400,NULL,NULL),(112046,116,407,NULL,NULL),(112047,116,408,NULL,NULL),(112048,116,414,NULL,NULL),(112049,116,415,NULL,NULL),(112050,116,426,NULL,NULL),(112051,116,696,NULL,NULL),(112052,116,698,NULL,NULL),(112053,116,429,NULL,NULL),(112054,116,137,NULL,NULL),(112055,116,138,NULL,NULL),(112056,116,150,NULL,NULL),(112057,116,156,NULL,NULL),(112058,116,164,NULL,NULL),(112059,116,172,NULL,NULL),(112060,116,182,NULL,NULL),(112061,116,185,NULL,NULL),(112062,116,186,NULL,NULL),(112063,116,767,NULL,NULL),(112064,116,770,NULL,NULL),(112065,116,766,NULL,NULL),(112066,116,775,NULL,NULL),(112067,116,789,NULL,NULL),(112068,116,1761,NULL,NULL),(112069,116,776,NULL,NULL),(112070,116,1757,NULL,NULL),(112071,116,769,NULL,NULL),(112072,116,774,NULL,NULL),(112073,116,768,NULL,NULL),(112074,116,1796,NULL,NULL),(112075,116,790,NULL,NULL),(112076,116,783,NULL,NULL),(112077,116,1797,NULL,NULL),(112078,116,1960,NULL,NULL),(112079,116,1773,NULL,NULL),(112080,116,1781,NULL,NULL),(112081,116,1758,NULL,NULL),(112082,116,779,NULL,NULL),(112083,116,784,NULL,NULL),(112084,116,1778,NULL,NULL),(112085,116,772,NULL,NULL),(112086,116,1780,NULL,NULL),(112087,116,1764,NULL,NULL),(112088,116,792,NULL,NULL),(112089,116,1759,NULL,NULL),(112090,116,1767,NULL,NULL),(112091,116,1769,NULL,NULL),(112092,116,793,NULL,NULL),(112093,116,1795,NULL,NULL),(112094,116,1776,NULL,NULL),(112095,116,801,NULL,NULL),(112096,116,1784,NULL,NULL),(112097,116,1770,NULL,NULL),(112098,116,1783,NULL,NULL),(112099,116,807,NULL,NULL),(112100,116,1763,NULL,NULL),(112101,116,1779,NULL,NULL),(112102,116,1765,NULL,NULL),(112103,116,799,NULL,NULL),(112104,116,780,NULL,NULL),(112105,116,782,NULL,NULL),(112106,116,794,NULL,NULL),(112107,116,787,NULL,NULL),(112108,116,1777,NULL,NULL),(112109,116,813,NULL,NULL),(112110,116,773,NULL,NULL),(112111,116,800,NULL,NULL),(112112,116,788,NULL,NULL),(112113,116,1790,NULL,NULL),(112114,116,1760,NULL,NULL),(112115,116,1787,NULL,NULL),(112116,116,771,NULL,NULL),(112117,116,797,NULL,NULL),(112118,116,805,NULL,NULL),(112119,116,1792,NULL,NULL),(112120,116,1786,NULL,NULL),(112121,116,1785,NULL,NULL),(112122,116,806,NULL,NULL),(112123,116,1794,NULL,NULL),(112124,116,777,NULL,NULL),(112125,116,781,NULL,NULL),(112126,116,796,NULL,NULL),(112127,116,808,NULL,NULL),(112128,116,785,NULL,NULL),(112129,116,810,NULL,NULL),(112130,116,786,NULL,NULL),(112131,116,798,NULL,NULL),(112132,116,795,NULL,NULL),(112133,116,1768,NULL,NULL),(112134,116,1782,NULL,NULL),(112135,116,803,NULL,NULL),(112136,116,1766,NULL,NULL),(112137,116,809,NULL,NULL),(112138,116,1762,NULL,NULL),(112139,116,804,NULL,NULL),(112140,116,812,NULL,NULL),(112141,116,811,NULL,NULL),(112142,116,778,NULL,NULL),(112143,116,802,NULL,NULL),(112144,116,1788,NULL,NULL),(112145,116,1789,NULL,NULL),(112146,116,1771,NULL,NULL),(112147,116,791,NULL,NULL),(112148,116,1206,NULL,NULL),(112149,116,1774,NULL,NULL),(112150,116,1775,NULL,NULL),(113331,105,819,NULL,NULL),(113332,105,386,NULL,NULL),(113333,105,940,NULL,NULL),(113334,105,836,NULL,NULL),(113335,105,821,NULL,NULL),(113336,105,823,NULL,NULL),(113337,105,942,NULL,NULL),(113338,105,824,NULL,NULL),(113339,105,729,NULL,NULL),(113340,105,831,NULL,NULL),(113341,105,829,NULL,NULL),(113342,105,925,NULL,NULL),(113343,105,885,NULL,NULL),(113344,105,989,NULL,NULL),(113345,105,842,NULL,NULL),(113346,105,948,NULL,NULL),(113347,105,850,NULL,NULL),(113348,105,955,NULL,NULL),(113349,105,1404,NULL,NULL),(113350,105,853,NULL,NULL),(113351,105,857,NULL,NULL),(113352,105,859,NULL,NULL),(113353,105,923,NULL,NULL),(113354,105,726,NULL,NULL),(113355,105,840,NULL,NULL),(113356,105,880,NULL,NULL),(113357,105,1444,NULL,NULL),(113358,105,984,NULL,NULL),(113359,105,742,NULL,NULL),(113360,105,983,NULL,NULL),(113361,105,760,NULL,NULL),(113362,105,741,NULL,NULL),(113363,105,973,NULL,NULL),(113364,105,996,NULL,NULL),(113365,105,753,NULL,NULL),(113366,105,722,NULL,NULL),(113367,105,988,NULL,NULL),(113368,105,997,NULL,NULL),(113369,105,740,NULL,NULL),(113370,105,981,NULL,NULL),(113371,105,720,NULL,NULL),(113372,105,739,NULL,NULL),(113373,105,743,NULL,NULL),(113374,105,747,NULL,NULL),(113375,105,749,NULL,NULL),(113376,105,751,NULL,NULL),(113377,105,752,NULL,NULL),(113378,105,938,NULL,NULL),(113379,105,987,NULL,NULL),(113380,105,999,NULL,NULL),(113500,107,392,NULL,NULL),(113501,107,395,NULL,NULL),(113502,107,141,NULL,NULL),(113503,107,437,NULL,NULL),(113504,107,1031,NULL,NULL),(113505,107,1035,NULL,NULL),(113506,107,1030,NULL,NULL),(113507,107,1029,NULL,NULL),(113508,107,1033,NULL,NULL),(113509,107,1042,NULL,NULL),(113510,107,1037,NULL,NULL),(113511,107,1036,NULL,NULL),(113512,107,1047,NULL,NULL),(113513,107,1039,NULL,NULL),(113514,107,1038,NULL,NULL),(113515,107,1043,NULL,NULL),(113516,107,1045,NULL,NULL),(113517,107,1044,NULL,NULL),(113518,107,1046,NULL,NULL),(113519,107,1061,NULL,NULL),(113520,107,1059,NULL,NULL),(113521,107,1058,NULL,NULL),(113522,107,1057,NULL,NULL),(113523,107,1068,NULL,NULL),(113524,107,1062,NULL,NULL),(113525,107,1053,NULL,NULL),(113526,107,1055,NULL,NULL),(113527,107,1056,NULL,NULL),(113528,107,1063,NULL,NULL),(113529,107,1064,NULL,NULL),(113530,107,1067,NULL,NULL),(113531,107,1073,NULL,NULL),(113532,107,1715,NULL,NULL),(113533,107,1500,NULL,NULL),(113534,107,1507,NULL,NULL),(113535,107,1511,NULL,NULL);
/*!40000 ALTER TABLE `albums_songs` ENABLE KEYS */;
UNLOCK TABLES;

--
-- Table structure for table `genres`
--

DROP TABLE IF EXISTS `genres`;
/*!40101 SET @saved_cs_client     = @@character_set_client */;
/*!50503 SET character_set_client = utf8mb4 */;
CREATE TABLE `genres` (
  `id` bigint unsigned NOT NULL AUTO_INCREMENT,
  `admin_id` bigint unsigned NOT NULL,
  `title` varchar(100) COLLATE utf8mb4_unicode_ci NOT NULL,
  `name` varchar(100) COLLATE utf8mb4_unicode_ci NOT NULL,
  `deleted_at` timestamp NULL DEFAULT NULL,
  `created_at` timestamp NULL DEFAULT NULL,
  `updated_at` timestamp NULL DEFAULT NULL,
  PRIMARY KEY (`id`),
  UNIQUE KEY `genres_title_unique` (`title`),
  UNIQUE KEY `genres_name_unique` (`name`)
) ENGINE=InnoDB AUTO_INCREMENT=31 DEFAULT CHARSET=utf8mb4 COLLATE=utf8mb4_unicode_ci;
/*!40101 SET character_set_client = @saved_cs_client */;

--
-- Dumping data for table `genres`
--

LOCK TABLES `genres` WRITE;
/*!40000 ALTER TABLE `genres` DISABLE KEYS */;
INSERT INTO `genres` VALUES (5,1,'R&B','R&B',NULL,'2023-09-27 12:52:59','2023-09-27 12:52:59'),(6,1,'Nhạc Phim','Nhạc Phim',NULL,'2023-09-27 12:52:59','2023-09-27 12:52:59'),(11,1,'Rock','Rock',NULL,'2023-09-27 12:52:59','2023-09-27 12:52:59'),(18,1,'Việt Nam','Việt Nam',NULL,'2023-10-28 13:44:37','2023-10-28 13:44:37'),(20,1,'V-Pop','V-Pop',NULL,'2023-10-28 13:44:37','2023-10-28 13:44:37'),(22,1,'Hàn Quốc','Hàn Quốc',NULL,'2023-10-28 13:44:37','2023-10-28 13:44:37'),(23,1,'Pop/Pop Ballad','Pop/Pop Ballad',NULL,'2023-10-28 13:44:37','2023-10-28 13:44:37'),(24,1,'Dance Pop','Dance Pop',NULL,'2023-10-28 13:44:37','2023-10-28 13:44:37'),(27,1,'Rap / Hip Hop','Rap / Hip Hop',NULL,'2023-10-28 13:44:37','2023-10-28 13:44:37'),(30,1,'EDM Việt','EDM Việt',NULL,'2023-11-20 17:24:41','2023-11-20 17:24:41');
/*!40000 ALTER TABLE `genres` ENABLE KEYS */;
UNLOCK TABLES;

--
-- Table structure for table `migrations`
--

DROP TABLE IF EXISTS `migrations`;
/*!40101 SET @saved_cs_client     = @@character_set_client */;
/*!50503 SET character_set_client = utf8mb4 */;
CREATE TABLE `migrations` (
  `id` int unsigned NOT NULL AUTO_INCREMENT,
  `migration` varchar(255) COLLATE utf8mb4_unicode_ci NOT NULL,
  `batch` int NOT NULL,
  PRIMARY KEY (`id`)
) ENGINE=InnoDB AUTO_INCREMENT=15 DEFAULT CHARSET=utf8mb4 COLLATE=utf8mb4_unicode_ci;
/*!40101 SET character_set_client = @saved_cs_client */;

--
-- Dumping data for table `migrations`
--

LOCK TABLES `migrations` WRITE;
/*!40000 ALTER TABLE `migrations` DISABLE KEYS */;
INSERT INTO `migrations` VALUES (1,'2014_10_12_000000_create_accounts_table',1),(2,'2023_10_23_040256_create_singers_table',1),(3,'2023_10_23_040317_create_albums_table',1),(4,'2023_10_23_040322_create_songs_table',1),(5,'2023_10_23_040328_create_genres_table',1),(6,'2023_10_23_135050_create_access_tokens_table',1),(7,'2023_10_27_133732_create_singers_songs',1),(8,'2023_10_27_135456_create_albums_songs_table',1),(9,'2023_10_27_135717_create_songs_genres_table',1),(10,'2023_10_27_135855_create_singers_albums_table',1),(11,'2023_10_27_140150_create_actions_table',1),(12,'2023_11_16_145356_create_singers_followers',1),(13,'2023_12_03_124056_add_index_into_songs_table',1),(14,'2023_12_03_131707_add_index_into_albums_table',1);
/*!40000 ALTER TABLE `migrations` ENABLE KEYS */;
UNLOCK TABLES;

--
-- Table structure for table `singers`
--

DROP TABLE IF EXISTS `singers`;
/*!40101 SET @saved_cs_client     = @@character_set_client */;
/*!50503 SET character_set_client = utf8mb4 */;
CREATE TABLE `singers` (
  `id` bigint unsigned NOT NULL AUTO_INCREMENT,
  `name` varchar(100) COLLATE utf8mb4_unicode_ci NOT NULL,
  `thumbnail` varchar(255) COLLATE utf8mb4_unicode_ci DEFAULT NULL,
  `bio` varchar(255) COLLATE utf8mb4_unicode_ci DEFAULT NULL,
  `deleted_at` timestamp NULL DEFAULT NULL,
  `created_at` timestamp NULL DEFAULT NULL,
  `updated_at` timestamp NULL DEFAULT NULL,
  PRIMARY KEY (`id`),
  UNIQUE KEY `singers_name_unique` (`name`)
) ENGINE=InnoDB AUTO_INCREMENT=1152 DEFAULT CHARSET=utf8mb4 COLLATE=utf8mb4_unicode_ci;
/*!40101 SET character_set_client = @saved_cs_client */;

--
-- Dumping data for table `singers`
--

LOCK TABLES `singers` WRITE;
/*!40000 ALTER TABLE `singers` DISABLE KEYS */;
INSERT INTO `singers` VALUES (15,'Hồ Văn Cường','https://photo-resize-zmp3.zmdcdn.me/w240_r1x1_jpeg/avatars/b/d/6/1/bd6126a82b40456b353efd9478d8a0f7.jpg','',NULL,'2023-11-20 17:23:28','2023-11-20 17:23:28'),(33,'Touliver','https://photo-resize-zmp3.zmdcdn.me/w240_r1x1_jpeg/avatars/6/4/d/3/64d31b03975da6697a6f75a10571b06d.jpg','',NULL,'2023-11-20 17:23:28','2023-11-20 17:23:28'),(35,'Masew','https://photo-resize-zmp3.zmdcdn.me/w240_r1x1_jpeg/avatars/2/e/5/f/2e5ff23e09b1dacccbbd1c6f1ffb4a7b.jpg','',NULL,'2023-11-20 17:23:28','2023-11-20 17:23:28'),(39,'KARD','https://photo-resize-zmp3.zmdcdn.me/w240_r1x1_jpeg/avatars/1/2/e/9/12e9403af14782d41a806cad37e36c87.jpg','',NULL,'2023-11-20 17:23:28','2023-11-20 17:23:28'),(44,'Pháo','https://photo-resize-zmp3.zmdcdn.me/w240_r1x1_jpeg/avatars/d/2/e/b/d2eb54141a77ef263640d735d565615d.jpg','',NULL,'2023-11-20 17:23:28','2023-11-20 17:23:28'),(49,'Nhật Phong','https://photo-resize-zmp3.zmdcdn.me/w240_r1x1_jpeg/avatars/4/c/2/1/4c21ee2fdbf40b1cb9090d6eda4151ef.jpg','',NULL,'2023-11-20 17:23:28','2023-11-20 17:23:28'),(54,'ERIK','https://photo-resize-zmp3.zmdcdn.me/w240_r1x1_jpeg/avatars/f/1/c/0/f1c046a525a1b3894afa2f397cb2ed42.jpg','',NULL,'2023-11-20 17:23:28','2023-11-20 17:23:28'),(57,'Hồ Ngọc Hà','https://photo-resize-zmp3.zmdcdn.me/w240_r1x1_jpeg/avatars/0/7/0/f/070f9f3520541988d6601003f0939937.jpg','',NULL,'2023-11-20 17:23:28','2023-11-20 17:23:28'),(59,'Tăng Phúc','https://photo-resize-zmp3.zmdcdn.me/w240_r1x1_jpeg/avatars/2/c/c/2/2cc280cd1612b15670f2f6e91523cfa7.jpg','',NULL,'2023-11-20 17:23:28','2023-11-20 17:23:28'),(70,'HIEUTHUHAI','https://photo-resize-zmp3.zmdcdn.me/w240_r1x1_jpeg/avatars/c/2/a/1/c2a154106353063625c9412ed20443a0.jpg','',NULL,'2023-11-20 17:23:28','2023-11-20 17:23:28'),(73,'Bảo Anh','https://photo-resize-zmp3.zmdcdn.me/w240_r1x1_jpeg/avatars/7/9/9/b/799b387d346a819ece784725f7d81aa3.jpg','',NULL,'2023-11-20 17:23:28','2023-11-20 17:23:28'),(74,'LyLy','https://photo-resize-zmp3.zmdcdn.me/w240_r1x1_jpeg/avatars/a/0/c/4/a0c4c6f9dae3489d046a4215b2ff7aed.jpg','',NULL,'2023-11-20 17:23:28','2023-11-20 17:23:28'),(75,'Hoàng Dũng','https://photo-resize-zmp3.zmdcdn.me/w240_r1x1_jpeg/avatars/8/7/b/3/87b38ebfba352aceab25d24f196003b0.jpg','',NULL,'2023-11-20 17:23:28','2023-11-20 17:23:28'),(76,'Suni Hạ Linh','https://photo-resize-zmp3.zmdcdn.me/w240_r1x1_jpeg/avatars/e/5/1/3/e5132977d0df155b73a7637283fb1499.jpg','',NULL,'2023-11-20 17:23:28','2023-11-20 17:23:28'),(93,'Orange','https://photo-resize-zmp3.zmdcdn.me/w240_r1x1_jpeg/avatars/a/c/e/9/ace9cb5831bbc7e8cc90d8e7432e4b3a.jpg','',NULL,'2023-11-20 17:23:28','2023-11-20 17:23:28'),(94,'Hoàng Duyên','https://photo-resize-zmp3.zmdcdn.me/w240_r1x1_jpeg/avatars/6/1/9/6/619672078f62a2d9e5bec3d6318e42eb.jpg','',NULL,'2023-11-20 17:23:28','2023-11-20 17:23:28'),(95,'Văn Mai Hương','https://photo-resize-zmp3.zmdcdn.me/w240_r1x1_jpeg/avatars/1/a/c/b/1acb526eb801e6a4e1579ff4c4a2e872.jpg','',NULL,'2023-11-20 17:23:28','2023-11-20 17:23:28'),(106,'Bé Minh Vy','https://photo-resize-zmp3.zmdcdn.me/w240_r1x1_jpeg/avatars/8/2/4/1/8241b642e900e0d704a9fb61b14edd44.jpg','',NULL,'2023-11-20 17:23:28','2023-11-20 17:23:28'),(107,'Ruby Bảo An','https://photo-resize-zmp3.zmdcdn.me/w240_r1x1_jpeg/avatars/7/3/d/d/73ddd4b8161663e605c72688fe782c54.jpg','',NULL,'2023-11-20 17:23:28','2023-11-20 17:23:28'),(108,'Bé Bào Ngư','https://photo-resize-zmp3.zmdcdn.me/w240_r1x1_jpeg/avatars/9/2/c/7/92c7c75d927c1da6e303ca41dc06a53e.jpg','',NULL,'2023-11-20 17:23:28','2023-11-20 17:23:28'),(109,'Bé Như Quỳnh','https://photo-resize-zmp3.zmdcdn.me/w240_r1x1_jpeg/avatars/7/3/735b69259492a8ccf8a52f0b26f932e9_1516090382.jpg','',NULL,'2023-11-20 17:23:28','2023-11-20 17:23:28'),(110,'Bé Trang Thư','https://photo-resize-zmp3.zmdcdn.me/w240_r1x1_jpeg/avatars/4/6/4694556591e032cec1f2534b7d1911ed_1516085254.jpg','',NULL,'2023-11-20 17:23:28','2023-11-20 17:23:28'),(111,'Bé Tú Anh','https://photo-resize-zmp3.zmdcdn.me/w240_r1x1_jpeg/avatars/4/5/3/d/453d45250291da09bac72cf724fa3003.jpg','',NULL,'2023-11-20 17:23:28','2023-11-20 17:23:28'),(112,'Xuân Mai','https://photo-resize-zmp3.zmdcdn.me/w240_r1x1_jpeg/avatars/3/0/304a8dbca646a92f4d8ebfbaa82fc92b_1344830830.jpg','',NULL,'2023-11-20 17:23:28','2023-11-20 17:23:28'),(115,'Gia Khiêm','https://photo-resize-zmp3.zmdcdn.me/w240_r1x1_jpeg/avatars/7/3/b/d/73bdf8aa67381f28044a3b412e4f7791.jpg','',NULL,'2023-11-20 17:23:28','2023-11-20 17:23:28'),(142,'Lê Hiếu','https://photo-resize-zmp3.zmdcdn.me/w240_r1x1_jpeg/avatars/f/f/ffa425bab7750ca9a25eb1dd98ce4e25_1511411017.jpg','',NULL,'2023-11-20 17:23:28','2023-11-20 17:23:28'),(144,'Uyên Linh','https://photo-resize-zmp3.zmdcdn.me/w240_r1x1_jpeg/avatars/9/d/2/a/9d2af1b0b99e470083c08b65b33e4e2f.jpg','',NULL,'2023-11-20 17:23:28','2023-11-20 17:23:28'),(185,'Thịnh Suy','https://photo-resize-zmp3.zmdcdn.me/w240_r1x1_jpeg/avatars/8/1/4/b/814bd489b26a00c14c4931d10b302afd.jpg','',NULL,'2023-11-20 17:23:28','2023-11-20 17:23:28'),(187,'Kai Đinh','https://photo-resize-zmp3.zmdcdn.me/w240_r1x1_jpeg/avatars/0/a/d/f/0adf3c50531b65edcfe1cdd29dc5ae78.jpg','',NULL,'2023-11-20 17:23:28','2023-11-20 17:23:28'),(197,'Phạm Nguyên Ngọc','https://photo-resize-zmp3.zmdcdn.me/w240_r1x1_jpeg/avatars/4/5/a/e/45aeae03ef8f70d313a4d65601cb2072.jpg','',NULL,'2023-11-20 17:23:28','2023-11-20 17:23:28'),(207,'Dương Edward','https://photo-resize-zmp3.zmdcdn.me/w240_r1x1_jpeg/avatars/7/d/7/4/7d741800ca3ae4cacb624fc8d2358678.jpg','',NULL,'2023-11-20 17:23:28','2023-11-20 17:23:28'),(208,'T.R.I','https://photo-resize-zmp3.zmdcdn.me/w240_r1x1_jpeg/avatars/9/d/8/c/9d8cebbdd8a96e9267699b0d0828616b.jpg','',NULL,'2023-11-20 17:23:28','2023-11-20 17:23:28'),(210,'Hà Nhi','https://photo-resize-zmp3.zmdcdn.me/w240_r1x1_jpeg/avatars/f/8/0/d/f80d2aa253267db4e8651ec9d2b363cd.jpg','',NULL,'2023-11-20 17:23:28','2023-11-20 17:23:28'),(235,'Phạm Quỳnh Anh','https://photo-resize-zmp3.zmdcdn.me/w240_r1x1_jpeg/avatars/3/d/3/e/3d3e7719570e951c1e5cd23f6fb2fc57.jpg','',NULL,'2023-11-20 17:23:28','2023-11-20 17:23:28'),(287,'Freaky','https://photo-resize-zmp3.zmdcdn.me/w240_r1x1_jpeg/avatars/9/d/0/4/9d04e9b3ecf7ab599006dfd0d1e2959c.jpg','',NULL,'2023-11-20 17:23:28','2023-11-20 17:23:28'),(289,'HURRYKNG','https://photo-resize-zmp3.zmdcdn.me/w240_r1x1_jpeg/avatars/a/7/9/d/a79d1a83b4a20bfa7d23ee078b29a4d2.jpg','',NULL,'2023-11-20 17:23:28','2023-11-20 17:23:28'),(291,'Obito','https://photo-resize-zmp3.zmdcdn.me/w240_r1x1_jpeg/avatars/a/3/c/4/a3c451f34327e3ed7f963b2f9a784258.jpg','',NULL,'2023-11-20 17:23:28','2023-11-20 17:23:28'),(292,'MCK','https://photo-resize-zmp3.zmdcdn.me/w240_r1x1_jpeg/cover/4/9/0/7/490702cd8724942cfb1290768163d530.jpg','',NULL,'2023-11-20 17:23:28','2023-11-20 17:23:28'),(296,'BMZ','https://photo-resize-zmp3.zmdcdn.me/w240_r1x1_jpeg/avatars/2/6/b/3/26b326c8f44b08c642ae1190e94226da.jpg','',NULL,'2023-11-20 17:23:28','2023-11-20 17:23:28'),(302,'Kidz','https://photo-resize-zmp3.zmdcdn.me/w240_r1x1_jpeg/avatars/6/6/b/4/66b4dacba95a024747399e023e9a4781.jpg','',NULL,'2023-11-20 17:23:28','2023-11-20 17:23:28'),(306,'MANBO','https://photo-resize-zmp3.zmdcdn.me/w240_r1x1_jpeg/avatars/a/5/a/5/a5a5cec0677c60d9961f4b3a27b44794.jpg','',NULL,'2023-11-20 17:23:28','2023-11-20 17:23:28'),(307,'Negav','https://photo-resize-zmp3.zmdcdn.me/w240_r1x1_jpeg/avatars/e/f/d/f/efdfd4aba55631f1abb67ed14c3e4d5a.jpg','',NULL,'2023-11-20 17:23:28','2023-11-20 17:23:28'),(309,'Chiennhatlang','https://photo-resize-zmp3.zmdcdn.me/w240_r1x1_jpeg/avatars/b/b/2/d/bb2dd5c8841f2dfc6cb45c3593680b44.jpg','',NULL,'2023-11-20 17:23:28','2023-11-20 17:23:28'),(310,'Rapital','https://photo-resize-zmp3.zmdcdn.me/w240_r1x1_jpeg/avatars/6/5/2/a/652ab410b2b249361e21b8d8aae9b679.jpg','',NULL,'2023-11-20 17:23:28','2023-11-20 17:23:28'),(311,'Groovie','https://photo-resize-zmp3.zmdcdn.me/w240_r1x1_jpeg/avatars/d/f/3/8/df38e87c846e1c5df1e51ae58c6c07b5.jpg','',NULL,'2023-11-20 17:23:28','2023-11-20 17:23:28'),(312,'tlinh','https://photo-resize-zmp3.zmdcdn.me/w240_r1x1_jpeg/avatars/7/2/1/b/721b3b485a51a32234f65995f0fc5923.jpg','',NULL,'2023-11-20 17:23:28','2023-11-20 17:23:28'),(313,'Phongkhin','https://photo-resize-zmp3.zmdcdn.me/w240_r1x1_jpeg/avatars/f/d/5/4/fd54a85664d594d7099abb3c75166880.jpg','',NULL,'2023-11-20 17:23:28','2023-11-20 17:23:28'),(316,'Binz','https://photo-resize-zmp3.zmdcdn.me/w240_r1x1_jpeg/avatars/0/4/2/3/04236e75a1e7d34da242e07cc774676b.jpg','',NULL,'2023-11-20 17:23:28','2023-11-20 17:23:28'),(328,'New$oulZ','https://photo-resize-zmp3.zmdcdn.me/w240_r1x1_jpeg/avatars/1/a/2/7/1a27769dccc5d485f84a9b68bd666be0.jpg','',NULL,'2023-11-20 17:23:28','2023-11-20 17:23:28'),(337,'AMEE','https://photo-resize-zmp3.zmdcdn.me/w240_r1x1_jpeg/avatars/2/f/d/a/2fda5f39b5adca3bad9c4bfc6d586f68.jpg','',NULL,'2023-11-20 17:23:28','2023-11-20 17:23:28'),(339,'Jombie','https://photo-resize-zmp3.zmdcdn.me/w240_r1x1_jpeg/avatars/d/8/6/e/d86e53ae721c491f1a4bac63373ed6cd.jpg','',NULL,'2023-11-20 17:23:28','2023-11-20 17:23:28'),(342,'Renja','https://photo-resize-zmp3.zmdcdn.me/w240_r1x1_jpeg/avatars/0/4/9/2/0492edd7ced708df01f2500f6eec158a.jpg','',NULL,'2023-11-20 17:23:28','2023-11-20 17:23:28'),(343,'Slow T','https://photo-resize-zmp3.zmdcdn.me/w240_r1x1_jpeg/avatars/7/c/3/9/7c39d02c63e486008da6b7decd7c16e9.jpg','',NULL,'2023-11-20 17:23:28','2023-11-20 17:23:28'),(344,'Lil Wuyn','https://photo-resize-zmp3.zmdcdn.me/w240_r1x1_jpeg/avatars/9/6/3/2/963289fb23282ee3df0decd23200daf7.jpg','',NULL,'2023-11-20 17:23:28','2023-11-20 17:23:28'),(345,'Kain','https://photo-resize-zmp3.zmdcdn.me/w240_r1x1_jpeg/avatars/a/8/c/b/a8cbc0e3302f9c9a9a484005f6e8dd0f.jpg','',NULL,'2023-11-20 17:23:28','2023-11-20 17:23:28'),(346,'Sugar Cane','https://photo-resize-zmp3.zmdcdn.me/w240_r1x1_jpeg/avatars/f/9/1/0/f9108015aeebeb1be81c4bcd04ff3efd.jpg','',NULL,'2023-11-20 17:23:28','2023-11-20 17:23:28'),(347,'Rhymastic','https://photo-resize-zmp3.zmdcdn.me/w240_r1x1_jpeg/avatars/7/2/5/a/725a4cb3f7092eee92d8a9d7b9577a0b.jpg','',NULL,'2023-11-20 17:23:28','2023-11-20 17:23:28'),(348,'SOOBIN','https://photo-resize-zmp3.zmdcdn.me/w240_r1x1_jpeg/avatars/2/5/b/d/25bd8e70180cbf5714c3c8b0a3b57834.jpg','',NULL,'2023-11-20 17:23:28','2023-11-20 17:23:28'),(349,'Gonzo','https://photo-resize-zmp3.zmdcdn.me/w240_r1x1_jpeg/avatars/1/0/f/d/10fd737b1ae5f6eb479fb867bf402004.jpg','',NULL,'2023-11-20 17:23:28','2023-11-20 17:23:28'),(351,'QNT','https://photo-resize-zmp3.zmdcdn.me/w240_r1x1_jpeg/avatars/e/1/b/c/e1bc2a31bd20dabdb664d6906cf54429.jpg','',NULL,'2023-11-20 17:23:28','2023-11-20 17:23:28'),(352,'Trung Trần','https://photo-resize-zmp3.zmdcdn.me/w240_r1x1_jpeg/avatars/d/f/3/1/df31d631581ac9f5a5ea5b2a45fcab11.jpg','',NULL,'2023-11-20 17:23:28','2023-11-20 17:23:28'),(359,'RPT T.C','https://photo-resize-zmp3.zmdcdn.me/w240_r1x1_jpeg/avatars/b/8/f/4/b8f473e3f32f56411a3362e6c26709d1.jpg','',NULL,'2023-11-20 17:23:28','2023-11-20 17:23:28'),(360,'RPT Duke','https://photo-resize-zmp3.zmdcdn.me/w240_r1x1_jpeg/avatars/1/a/2/7/1a27769dccc5d485f84a9b68bd666be0.jpg','',NULL,'2023-11-20 17:23:28','2023-11-20 17:23:28'),(361,'OSAD','https://photo-resize-zmp3.zmdcdn.me/w240_r1x1_jpeg/avatars/0/4/e/4/04e40200c3b27a6d0014901d008403bd.jpg','',NULL,'2023-11-20 17:23:28','2023-11-20 17:23:28'),(362,'Sona','https://photo-resize-zmp3.zmdcdn.me/w240_r1x1_jpeg/avatars/c/1/7/8/c17854917a5c81e6b4b5eb5dfd307bd4.jpg','',NULL,'2023-11-20 17:23:28','2023-11-20 17:23:28'),(363,'Chips','https://photo-resize-zmp3.zmdcdn.me/w240_r1x1_jpeg/avatars/f/c/c/f/fccf47fbf0ff8ea432ebc8744c483b3e.jpg','',NULL,'2023-11-20 17:23:28','2023-11-20 17:23:28'),(368,'Par SG','https://photo-resize-zmp3.zmdcdn.me/w240_r1x1_jpeg/avatars/3/c/3/6/3c36d0f0f2eee70abec9cdcd3c9e00bc.jpg','',NULL,'2023-11-20 17:23:28','2023-11-20 17:23:28'),(369,'Dế Choắt','https://photo-resize-zmp3.zmdcdn.me/w240_r1x1_jpeg/avatars/a/d/7/3/ad73b29bbe63d11709f743aaa9eee3de.jpg','',NULL,'2023-11-20 17:23:28','2023-11-20 17:23:28'),(370,'EndLess','https://photo-resize-zmp3.zmdcdn.me/w240_r1x1_jpeg/avatars/a/4/a4c47cc0be7f2e553ecc6a82314c9200_1508262152.jpg','',NULL,'2023-11-20 17:23:28','2023-11-20 17:23:28'),(372,'Liu Grace','https://photo-resize-zmp3.zmdcdn.me/w240_r1x1_jpeg/avatars/6/b/5/6/6b5605c32423944da2e52bb7a1f28eea.jpg','',NULL,'2023-11-20 17:23:28','2023-11-20 17:23:28'),(373,'Kriss Ngo','https://photo-resize-zmp3.zmdcdn.me/w240_r1x1_jpeg/avatars/1/8/8/4/18846dd0403df93d8b8e4b2ba44935c4.jpg','',NULL,'2023-11-20 17:23:28','2023-11-20 17:23:28'),(378,'JP Long','https://photo-resize-zmp3.zmdcdn.me/w240_r1x1_jpeg/avatars/b/0/6/d/b06deba56cd7e5edff4c80aee177c855.jpg','',NULL,'2023-11-20 17:23:28','2023-11-20 17:23:28'),(379,'Kuzz','https://photo-resize-zmp3.zmdcdn.me/w240_r1x1_jpeg/avatars/4/3/0/d/430dab67d9e47b89a10a5e422e1ca73a.jpg','',NULL,'2023-11-20 17:23:28','2023-11-20 17:23:28'),(386,'Sweet Liquor','https://photo-resize-zmp3.zmdcdn.me/w240_r1x1_jpeg/avatars/5/e/b/2/5eb29c30ab1394f280675ef7c522a557.jpg','',NULL,'2023-11-20 17:23:28','2023-11-20 17:23:28'),(387,'Hứa Kim Tuyền','https://photo-resize-zmp3.zmdcdn.me/w240_r1x1_jpeg/avatars/6/7/5/f/675f3f3f3d704dd43eaf5f4e8a3fd579.jpg','',NULL,'2023-11-20 17:23:28','2023-11-20 17:23:28'),(388,'GREY D','https://photo-resize-zmp3.zmdcdn.me/w240_r1x1_jpeg/avatars/e/e/b/8/eeb8663fb09e5b1f32491352e252495b.jpg','',NULL,'2023-11-20 17:23:28','2023-11-20 17:23:28'),(389,'Táo','https://photo-resize-zmp3.zmdcdn.me/w240_r1x1_jpeg/avatars/0/b/c/0/0bc04902c709a093515ad4c1dd7f45e1.jpg','',NULL,'2023-11-20 17:23:28','2023-11-20 17:23:28'),(390,'Emcee L','https://photo-resize-zmp3.zmdcdn.me/w240_r1x1_jpeg/avatars/0/f/1/a/0f1a459f6ac1bc2b2a075c24d704f25d.jpg','',NULL,'2023-11-20 17:23:28','2023-11-20 17:23:28'),(391,'Muộii','https://photo-resize-zmp3.zmdcdn.me/w240_r1x1_jpeg/avatars/6/7/c/f/67cfee525fb0971b8a748d80d1f6c611.jpg','',NULL,'2023-11-20 17:23:28','2023-11-20 17:23:28'),(392,'Phương Ly','https://photo-resize-zmp3.zmdcdn.me/w240_r1x1_jpeg/avatars/2/a/d/f/2adfd0537b3fb586fbe70e6fe82b0d6a.jpg','',NULL,'2023-11-20 17:23:28','2023-11-20 17:23:28'),(393,'TINLE','https://photo-resize-zmp3.zmdcdn.me/w240_r1x1_jpeg/avatars/e/b/a/5/eba52f369e1df41bd6fd76b366113cb9.jpg','',NULL,'2023-11-20 17:23:28','2023-11-20 17:23:28'),(394,'Anh Tú','https://photo-resize-zmp3.zmdcdn.me/w240_r1x1_jpeg/avatars/e/e/b/b/eebb66ec3bed8ee481dfdf21f910db05.jpg','',NULL,'2023-11-20 17:23:28','2023-11-20 17:23:28'),(395,'JSOL','https://photo-resize-zmp3.zmdcdn.me/w240_r1x1_jpeg/avatars/a/d/8/1/ad81a2c02c179c76f4bfbc278cb7df8e.jpg','',NULL,'2023-11-20 17:23:28','2023-11-20 17:23:28'),(396,'CARA','https://photo-resize-zmp3.zmdcdn.me/w240_r1x1_jpeg/avatars/b/3/c/1/b3c1bbffcbb94d294dc282ed5083d8fd.jpg','',NULL,'2023-11-20 17:23:28','2023-11-20 17:23:28'),(397,'MIN','https://photo-resize-zmp3.zmdcdn.me/w240_r1x1_jpeg/avatars/2/e/f/6/2ef6b4fc14d359656cde9d5e09842b57.jpg','',NULL,'2023-11-20 17:23:28','2023-11-20 17:23:28'),(398,'Lemese','https://photo-resize-zmp3.zmdcdn.me/w240_r1x1_jpeg/avatars/b/e/1/1/be11c8cbd5217befff64bc302cf55137.jpg','',NULL,'2023-11-20 17:23:28','2023-11-20 17:23:28'),(399,'Graykee','https://photo-resize-zmp3.zmdcdn.me/w240_r1x1_jpeg/avatars/d/8/9/d/d89d56aec54e4e11dac0b67be6caf529.jpg','',NULL,'2023-11-20 17:23:28','2023-11-20 17:23:28'),(400,'JustaTee','https://photo-resize-zmp3.zmdcdn.me/w240_r1x1_jpeg/avatars/3/3/b/5/33b54115d5b1149f5ac51b4038ef62c7.jpg','',NULL,'2023-11-20 17:23:28','2023-11-20 17:23:28'),(401,'Thanh Huyền','https://photo-resize-zmp3.zmdcdn.me/w240_r1x1_jpeg/avatars/1/a/2/7/1a27769dccc5d485f84a9b68bd666be0.jpg','',NULL,'2023-11-20 17:23:28','2023-11-20 17:23:28'),(402,'Tiên Tiên','https://photo-resize-zmp3.zmdcdn.me/w240_r1x1_jpeg/avatars/d/4/5/a/d45a6d2bdf4894b2249b45d16f31c7a1.jpg','',NULL,'2023-11-20 17:23:28','2023-11-20 17:23:28'),(403,'Mademoiselle','https://photo-resize-zmp3.zmdcdn.me/w240_r1x1_jpeg/avatars/a/2/4/6/a246243480e0975a8db3936edd961af9.jpg','',NULL,'2023-11-20 17:23:28','2023-11-20 17:23:28'),(404,'Rickie','https://photo-resize-zmp3.zmdcdn.me/w240_r1x1_jpeg/avatars/9/0/e/b/90eb1d45a70bcbf5458a3996abcbc2f0.jpg','',NULL,'2023-11-20 17:23:28','2023-11-20 17:23:28'),(405,'Lou Hoàng','https://photo-resize-zmp3.zmdcdn.me/w240_r1x1_jpeg/avatars/8/c/2/3/8c23cec6faca2298f3fb7275239b5417.jpg','',NULL,'2023-11-20 17:23:28','2023-11-20 17:23:28'),(406,'Pay','https://photo-resize-zmp3.zmdcdn.me/w240_r1x1_jpeg/avatars/7/1/0/9/71094ea4ddf420161062a33404cffdff.jpg','',NULL,'2023-11-20 17:23:28','2023-11-20 17:23:28'),(407,'Hakoota Dũng Hà','https://photo-resize-zmp3.zmdcdn.me/w240_r1x1_jpeg/avatars/b/9/2/8/b928039c2ea5b533f4f57fc110d1f262.jpg','',NULL,'2023-11-20 17:23:28','2023-11-20 17:23:28'),(408,'Ái Phương','https://photo-resize-zmp3.zmdcdn.me/w240_r1x1_jpeg/avatars/d/d/c/2/ddc20caa3f14a96be8aec738a185aa61.jpg','',NULL,'2023-11-20 17:23:28','2023-11-20 17:23:28'),(409,'UMIE','https://photo-resize-zmp3.zmdcdn.me/w240_r1x1_jpeg/avatars/c/b/e/b/cbeb48945555636a696f51ec8c9d50d2.jpg','',NULL,'2023-11-20 17:23:28','2023-11-20 17:23:28'),(410,'Tùng Maru','https://photo-resize-zmp3.zmdcdn.me/w240_r1x1_jpeg/avatars/4/a/0/b/4a0b0522a8d6068bb9d850e3b5f37fcc.jpg','',NULL,'2023-11-20 17:23:28','2023-11-20 17:23:28'),(411,'Jin Ju','https://photo-resize-zmp3.zmdcdn.me/w240_r1x1_jpeg/avatars/5/9/2/7/5927f1153612c5a7f2490fad0e4aa928.jpg','',NULL,'2023-11-20 17:23:28','2023-11-20 17:23:28'),(412,'Trung Quân','https://photo-resize-zmp3.zmdcdn.me/w240_r1x1_jpeg/avatars/2/d/3/8/2d38d415b2e3012671f0d9f1e257ff48.jpg','',NULL,'2023-11-20 17:23:28','2023-11-20 17:23:28'),(413,'Thai VG','https://photo-resize-zmp3.zmdcdn.me/w240_r1x1_jpeg/avatars/2/1/3/5/2135bdecf40b70134da5b2df509129d9.jpg','',NULL,'2023-11-20 17:23:28','2023-11-20 17:23:28'),(414,'MC12','https://photo-resize-zmp3.zmdcdn.me/w240_r1x1_jpeg/avatars/5/d/0/b/5d0b8ed73cefff0730d99a3d1edf34c0.jpg','',NULL,'2023-11-20 17:23:28','2023-11-20 17:23:28'),(415,'Uyên Phương','https://photo-resize-zmp3.zmdcdn.me/w240_r1x1_jpeg/avatars/b/c/bc555270a228355a5be28cdd36ee3a00_1508385992.jpg','',NULL,'2023-11-20 17:23:28','2023-11-20 17:23:28'),(416,'RIIZE','https://photo-resize-zmp3.zmdcdn.me/w240_r1x1_jpeg/avatars/0/d/2/6/0d26068cc554a774a227ec9d61a3759a.jpg','',NULL,'2023-11-20 17:23:28','2023-11-20 17:23:28'),(417,'LE SSERAFIM','https://photo-resize-zmp3.zmdcdn.me/w240_r1x1_jpeg/avatars/4/a/6/d/4a6d57dbf11d66da3f7ceb455fb570d9.jpg','',NULL,'2023-11-20 17:23:28','2023-11-20 17:23:28'),(419,'Minh Triều','https://photo-resize-zmp3.zmdcdn.me/w240_r1x1_jpeg/avatars/a/e/f/4/aef4d139850534ff0c79ee416fc47867.jpg','',NULL,'2023-11-20 17:23:28','2023-11-20 17:23:28'),(420,'kidsai','https://photo-resize-zmp3.zmdcdn.me/w240_r1x1_jpeg/avatars/b/0/6/3/b063794488efdd80c9cbe206c34f7d4a.jpg','',NULL,'2023-11-20 17:23:28','2023-11-20 17:23:28'),(421,'bbynascar','https://photo-resize-zmp3.zmdcdn.me/w240_r1x1_jpeg/avatars/2/9/f/0/29f00c662d7bdb5c9a4ecaad34bf9216.jpg','',NULL,'2023-11-20 17:23:28','2023-11-20 17:23:28'),(422,'Karrot','https://photo-resize-zmp3.zmdcdn.me/w240_r1x1_jpeg/avatars/2/a/d/5/2ad531c9b6e8988547225608e289f959.jpg','',NULL,'2023-11-20 17:23:28','2023-11-20 17:23:28'),(423,'Hoài Lâm','https://photo-resize-zmp3.zmdcdn.me/w240_r1x1_jpeg/avatars/6/c/3/2/6c32d58de86a0414e5ab4d0d74728d30.jpg','',NULL,'2023-11-20 17:23:28','2023-11-20 17:23:28'),(424,'MYLINA','https://photo-resize-zmp3.zmdcdn.me/w240_r1x1_jpeg/avatars/e/3/b/a/e3ba02ee2b148e04269b01ac92aa7487.jpg','',NULL,'2023-11-20 17:23:28','2023-11-20 17:23:28'),(425,'4GOD','https://photo-resize-zmp3.zmdcdn.me/w240_r1x1_jpeg/avatars/1/a/2/7/1a27769dccc5d485f84a9b68bd666be0.jpg','',NULL,'2023-11-20 17:23:28','2023-11-20 17:23:28'),(426,'Phát Huy T4','https://photo-resize-zmp3.zmdcdn.me/w240_r1x1_jpeg/avatars/e/e/c/3/eec38a5986d2c74d5e0a304e7a25568a.jpg','',NULL,'2023-11-20 17:23:28','2023-11-20 17:23:28'),(427,'Nguyễn Hồng Thuận','https://photo-resize-zmp3.zmdcdn.me/w240_r1x1_jpeg/avatars/2/5/3/8/25384a77224e2b16c011e5271da3fbba.jpg','',NULL,'2023-11-20 17:23:28','2023-11-20 17:23:28'),(430,'Trọng Hiếu','https://photo-resize-zmp3.zmdcdn.me/w240_r1x1_jpeg/avatars/6/4/1/a/641a50ea5f3c0b7eb3c1a612d7d8362a.jpg','',NULL,'2023-11-20 17:23:28','2023-11-20 17:23:28'),(431,'Wren Evans','https://photo-resize-zmp3.zmdcdn.me/w240_r1x1_jpeg/avatars/8/c/9/0/8c90a0d826a705c3d67c8045e7ea2e30.jpg','',NULL,'2023-11-20 17:23:28','2023-11-20 17:23:28'),(432,'Itsnk','https://photo-resize-zmp3.zmdcdn.me/w240_r1x1_jpeg/avatars/f/a/2/f/fa2faafc86d65a8cf9a288fb6a484419.jpg','',NULL,'2023-11-20 17:23:28','2023-11-20 17:23:28'),(433,'Jessi','https://photo-resize-zmp3.zmdcdn.me/w240_r1x1_jpeg/avatars/3/e/9/c/3e9c84b1ce86adea493acd412976f223.jpg','',NULL,'2023-11-20 17:23:28','2023-11-20 17:23:28'),(438,'DREAMeR','https://photo-resize-zmp3.zmdcdn.me/w240_r1x1_jpeg/avatars/e/1/b/6/e1b6d5b0243fad6cca31212bd3e71ea0.jpg','',NULL,'2023-11-20 17:23:28','2023-11-20 17:23:28'),(439,'Andiez','https://photo-resize-zmp3.zmdcdn.me/w240_r1x1_jpeg/avatars/7/5/a/e/75ae579a51cfa505932f59397eac8d69.jpg','',NULL,'2023-11-20 17:23:28','2023-11-20 17:23:28'),(445,'Doãn Hiếu','https://photo-resize-zmp3.zmdcdn.me/w240_r1x1_jpeg/avatars/a/0/c/d/a0cd74dcd8df0613164b07884e52d81f.jpg','',NULL,'2023-11-20 17:23:28','2023-11-20 17:23:28'),(446,'SEVENTEEN','https://photo-resize-zmp3.zmdcdn.me/w240_r1x1_jpeg/avatars/4/2/c/2/42c2dab7d67b0da36f50266f378596a3.jpg','',NULL,'2023-11-20 17:23:28','2023-11-20 17:23:28'),(457,'TREASURE','https://photo-resize-zmp3.zmdcdn.me/w240_r1x1_jpeg/avatars/f/5/6/d/f56db3a2e585c03bf3a432a75069f12e.jpg','',NULL,'2023-11-20 17:23:28','2023-11-20 17:23:28'),(459,'Jung Kook','https://photo-resize-zmp3.zmdcdn.me/w240_r1x1_jpeg/avatars/d/8/7/7/d877171405c3fa07ae32909180461ce2.jpg','',NULL,'2023-11-20 17:23:28','2023-11-20 17:23:28'),(461,'Chị Đẹp Đạp Gió Rẽ Sóng','https://photo-resize-zmp3.zmdcdn.me/w240_r1x1_jpeg/avatars/9/d/a/9/9da9bb149f4f5a4107e418eb901e6a1b.jpg','',NULL,'2023-11-20 17:23:28','2023-11-20 17:23:28'),(462,'Changg','https://photo-resize-zmp3.zmdcdn.me/w240_r1x1_jpeg/avatars/c/9/a/c/c9acf5530fc0c93c48c2405ee3573a94.jpg','',NULL,'2023-11-20 17:23:28','2023-11-20 17:23:28'),(463,'Soulient','https://photo-resize-zmp3.zmdcdn.me/w240_r1x1_jpeg/avatars/9/b/7/3/9b73f6d151484bc52e4cc940501c3f16.jpg','',NULL,'2023-11-20 17:23:28','2023-11-20 17:23:28'),(464,'Catchellers','https://photo-resize-zmp3.zmdcdn.me/w240_r1x1_jpeg/avatars/a/9/7/e/a97e37a7102c199d808521af302b8f4a.jpg','',NULL,'2023-11-20 17:23:28','2023-11-20 17:23:28'),(470,'TOMORROW X TOGETHER','https://photo-resize-zmp3.zmdcdn.me/w240_r1x1_jpeg/avatars/f/6/7/9/f6799bb759b6d6cb95b8699940bb0d8b.jpg','',NULL,'2023-11-20 17:23:28','2023-11-20 17:23:28'),(482,'Ailee','https://photo-resize-zmp3.zmdcdn.me/w240_r1x1_jpeg/avatars/c/7/d/f/c7df269d5f11a2d971043e0e97e25b24.jpg','',NULL,'2023-11-20 17:23:28','2023-11-20 17:23:28'),(483,'Lil Cherry','https://photo-resize-zmp3.zmdcdn.me/w240_r1x1_jpeg/avatars/6/1/3/9/6139cb932504ed15bf3f6357be27984b.jpg','',NULL,'2023-11-20 17:23:28','2023-11-20 17:23:28'),(487,'JENNIE','https://photo-resize-zmp3.zmdcdn.me/w240_r1x1_jpeg/avatars/b/7/f/a/b7fa3e74c16db4c6c9f18bfb8aa438de.jpg','',NULL,'2023-11-20 17:23:28','2023-11-20 17:23:28'),(489,'NCT 127','https://photo-resize-zmp3.zmdcdn.me/w240_r1x1_jpeg/avatars/1/c/e/b/1cebaeeb76791a65e81df43687254c49.jpg','',NULL,'2023-11-20 17:23:28','2023-11-20 17:23:28'),(493,'Trịnh Đình Quang','https://photo-resize-zmp3.zmdcdn.me/w240_r1x1_jpeg/cover/2/4/b/2/24b293a001150213d1f9723a8e608027.jpg','',NULL,'2023-11-20 17:23:28','2023-11-20 17:23:28'),(496,'Vũ Thảo My','https://photo-resize-zmp3.zmdcdn.me/w240_r1x1_jpeg/avatars/e/b/8/e/eb8ee0c000af525458cb76bf4165efcc.jpg','',NULL,'2023-11-20 17:23:28','2023-11-20 17:23:28'),(498,'Richie D. ICY','https://photo-resize-zmp3.zmdcdn.me/w240_r1x1_jpeg/avatars/a/3/b/2/a3b29f1d8e08cec310e8f5bbf105c658.jpg','',NULL,'2023-11-20 17:23:28','2023-11-20 17:23:28'),(501,'Phí Phương Anh','https://photo-resize-zmp3.zmdcdn.me/w240_r1x1_jpeg/avatars/8/a/9/a/8a9ac5aa762ee57ece893a6108ad6a1e.jpg','',NULL,'2023-11-20 17:23:28','2023-11-20 17:23:28'),(502,'RIN9','https://photo-resize-zmp3.zmdcdn.me/w240_r1x1_jpeg/avatars/9/2/c/8/92c8d7b5301bb7d96b9310ae21a457b1.jpg','',NULL,'2023-11-20 17:23:28','2023-11-20 17:23:28'),(508,'Teloupe','https://photo-resize-zmp3.zmdcdn.me/w240_r1x1_jpeg/avatars/1/a/2/7/1a27769dccc5d485f84a9b68bd666be0.jpg','',NULL,'2023-11-20 17:23:28','2023-11-20 17:23:28'),(511,'Châu Thâm  / 周深','https://photo-resize-zmp3.zmdcdn.me/w240_r1x1_jpeg/avatars/a/4/0/a/a40a618fd599ceb1a4db0eb3aebde2f3.jpg','',NULL,'2023-11-20 17:23:28','2023-11-20 17:23:28'),(514,'Vương Tĩnh Văn / 王靖雯','https://photo-resize-zmp3.zmdcdn.me/w240_r1x1_jpeg/avatars/4/1/f/5/41f514dd31e2f21ddc6d120004fcfd79.jpg','',NULL,'2023-11-20 17:23:28','2023-11-20 17:23:28'),(516,'Lưu Vũ Ninh / 摩登兄弟刘宇宁','https://photo-resize-zmp3.zmdcdn.me/w240_r1x1_jpeg/avatars/5/c/4/9/5c496a505cde65a90180b3dfaaea6e76.jpg','',NULL,'2023-11-20 17:23:28','2023-11-20 17:23:28'),(520,'陳粒','https://photo-resize-zmp3.zmdcdn.me/w240_r1x1_jpeg/avatars/1/a/2/7/1a27769dccc5d485f84a9b68bd666be0.jpg','',NULL,'2023-11-20 17:23:28','2023-11-20 17:23:28'),(526,'严艺丹','https://photo-resize-zmp3.zmdcdn.me/w240_r1x1_jpeg/avatars/1/a/2/7/1a27769dccc5d485f84a9b68bd666be0.jpg','',NULL,'2023-11-20 17:23:28','2023-11-20 17:23:28'),(536,'袁莉媛','https://photo-resize-zmp3.zmdcdn.me/w240_r1x1_jpeg/avatars/1/a/2/7/1a27769dccc5d485f84a9b68bd666be0.jpg','',NULL,'2023-11-20 17:23:28','2023-11-20 17:23:28'),(545,'汪茜','https://photo-resize-zmp3.zmdcdn.me/w240_r1x1_jpeg/avatars/1/a/2/7/1a27769dccc5d485f84a9b68bd666be0.jpg','',NULL,'2023-11-20 17:23:28','2023-11-20 17:23:28'),(547,'邓佳坤','https://photo-resize-zmp3.zmdcdn.me/w240_r1x1_jpeg/avatars/1/a/2/7/1a27769dccc5d485f84a9b68bd666be0.jpg','',NULL,'2023-11-20 17:23:28','2023-11-20 17:23:28'),(559,'薛琳可','https://photo-resize-zmp3.zmdcdn.me/w240_r1x1_jpeg/avatars/1/a/2/7/1a27769dccc5d485f84a9b68bd666be0.jpg','',NULL,'2023-11-20 17:23:28','2023-11-20 17:23:28'),(564,'楊紫','https://photo-resize-zmp3.zmdcdn.me/w240_r1x1_jpeg/avatars/1/a/2/7/1a27769dccc5d485f84a9b68bd666be0.jpg','',NULL,'2023-11-20 17:23:28','2023-11-20 17:23:28'),(572,'Chu Lâm Phong / 周林枫','https://photo-resize-zmp3.zmdcdn.me/w240_r1x1_jpeg/avatars/5/d/8/6/5d86c508edc1915f7d53fb10148a025a.jpg','',NULL,'2023-11-20 17:23:28','2023-11-20 17:23:28'),(576,'Tô Tinh Tiệp / 苏星婕','https://photo-resize-zmp3.zmdcdn.me/w240_r1x1_jpeg/avatars/2/0/5/2/20528443f3c8d075e90fdc962c229b78.jpg','',NULL,'2023-11-20 17:23:28','2023-11-20 17:23:28'),(577,'鱼是没有亡的魂','https://photo-resize-zmp3.zmdcdn.me/w240_r1x1_jpeg/avatars/1/7/b/a/17ba81f6c25046f1a58728847d9bea27.jpg','',NULL,'2023-11-20 17:23:28','2023-11-20 17:23:28'),(578,'比耶茄子','https://photo-resize-zmp3.zmdcdn.me/w240_r1x1_jpeg/avatars/1/a/2/7/1a27769dccc5d485f84a9b68bd666be0.jpg','',NULL,'2023-11-20 17:23:28','2023-11-20 17:23:28'),(581,'Hải Lai A Mộc / 海来阿木','https://photo-resize-zmp3.zmdcdn.me/w240_r1x1_jpeg/avatars/2/1/a/a/21aa01f43230ec2abbc5cfb914f9e001.jpg','',NULL,'2023-11-20 17:23:28','2023-11-20 17:23:28'),(583,'Nhất Chỉ Bạch Dương / 一只白羊','https://photo-resize-zmp3.zmdcdn.me/w240_r1x1_jpeg/avatars/1/8/b/c/18bc31d546369480fc8f44e6b72d89a7.jpg','',NULL,'2023-11-20 17:23:28','2023-11-20 17:23:28'),(585,'1K','https://photo-resize-zmp3.zmdcdn.me/w240_r1x1_jpeg/avatars/1/a/2/7/1a27769dccc5d485f84a9b68bd666be0.jpg','',NULL,'2023-11-20 17:23:28','2023-11-20 17:23:28'),(586,'L (Đào Tử) / L (桃籽)','https://photo-resize-zmp3.zmdcdn.me/w240_r1x1_jpeg/avatars/e/2/9/3/e29375b075452d81e85eeaced4b48867.jpg','',NULL,'2023-11-20 17:23:28','2023-11-20 17:23:28'),(589,'Lưu Mộng Dư / Uu (刘梦妤)','https://photo-resize-zmp3.zmdcdn.me/w240_r1x1_jpeg/avatars/9/5/a/d/95ade47a5d6324e48bf9e154e4149ab0.jpg','',NULL,'2023-11-20 17:23:28','2023-11-20 17:23:28'),(590,'Đậu Bao / 豆包','https://photo-resize-zmp3.zmdcdn.me/w240_r1x1_jpeg/avatars/8/e/8/7/8e871c79f9464a7aac748dde89376807.jpg','',NULL,'2023-11-20 17:23:28','2023-11-20 17:23:28'),(599,'Trần Văn Phi / 陈文非','https://photo-resize-zmp3.zmdcdn.me/w240_r1x1_jpeg/avatars/3/9/c/7/39c72a2333ef5c06113678904f1b303d.jpg','',NULL,'2023-11-20 17:23:28','2023-11-20 17:23:28'),(608,'三楠','https://photo-resize-zmp3.zmdcdn.me/w240_r1x1_jpeg/avatars/1/a/2/7/1a27769dccc5d485f84a9b68bd666be0.jpg','',NULL,'2023-11-20 17:23:28','2023-11-20 17:23:28'),(625,'菲菲公主','https://photo-resize-zmp3.zmdcdn.me/w240_r1x1_jpeg/avatars/1/a/2/7/1a27769dccc5d485f84a9b68bd666be0.jpg','',NULL,'2023-11-20 17:23:28','2023-11-20 17:23:28'),(626,'K.D','https://photo-resize-zmp3.zmdcdn.me/w240_r1x1_jpeg/avatars/a/6/8/7/a687837937be78a3ebdc57f102175204.jpg','',NULL,'2023-11-20 17:23:28','2023-11-20 17:23:28'),(627,'盖君炎','https://photo-resize-zmp3.zmdcdn.me/w240_r1x1_jpeg/avatars/1/a/2/7/1a27769dccc5d485f84a9b68bd666be0.jpg','',NULL,'2023-11-20 17:23:28','2023-11-20 17:23:28'),(629,'Loan Âm Xã / 鸾音社','https://photo-resize-zmp3.zmdcdn.me/w240_r1x1_jpeg/avatars/1/a/2/7/1a27769dccc5d485f84a9b68bd666be0.jpg','',NULL,'2023-11-20 17:23:28','2023-11-20 17:23:28'),(630,'阿空','https://photo-resize-zmp3.zmdcdn.me/w240_r1x1_jpeg/avatars/1/a/2/7/1a27769dccc5d485f84a9b68bd666be0.jpg','',NULL,'2023-11-20 17:23:28','2023-11-20 17:23:28'),(631,'Lý Vũ Xuân / 李宇春','https://photo-resize-zmp3.zmdcdn.me/w240_r1x1_jpeg/avatars/2/6/c/8/26c814244a2c574b6e4d3638bbbaca2a.jpg','',NULL,'2023-11-20 17:23:28','2023-11-20 17:23:28'),(634,'田各田各','https://photo-resize-zmp3.zmdcdn.me/w240_r1x1_jpeg/avatars/1/a/2/7/1a27769dccc5d485f84a9b68bd666be0.jpg','',NULL,'2023-11-20 17:23:28','2023-11-20 17:23:28'),(635,'就是南方凯','https://photo-resize-zmp3.zmdcdn.me/w240_r1x1_jpeg/avatars/1/a/2/7/1a27769dccc5d485f84a9b68bd666be0.jpg','',NULL,'2023-11-20 17:23:28','2023-11-20 17:23:28'),(636,'Vương Tử Kiện / 王子健','https://photo-resize-zmp3.zmdcdn.me/w240_r1x1_jpeg/avatars/0/5/5/b/055b84007b06efd11937ea05f17d5f96.jpg','',NULL,'2023-11-20 17:23:28','2023-11-20 17:23:28'),(645,'NCT Dream','https://photo-resize-zmp3.zmdcdn.me/w240_r1x1_jpeg/avatars/5/a/2/8/5a28657a876d9439f4d211f9a2bfa9da.jpg','',NULL,'2023-11-20 17:23:28','2023-11-20 17:23:28'),(646,'JVKE','https://photo-resize-zmp3.zmdcdn.me/w240_r1x1_jpeg/avatars/9/3/3/e/933ef7442febbbd10c1bafec0ec8ba78.jpg','',NULL,'2023-11-20 17:23:28','2023-11-20 17:23:28'),(647,'ENHYPEN','https://photo-resize-zmp3.zmdcdn.me/w240_r1x1_jpeg/avatars/8/e/8/f/8e8f0287116a251a9168c977e082894b.jpg','',NULL,'2023-11-20 17:23:28','2023-11-20 17:23:28'),(648,'Miu Lê','https://photo-resize-zmp3.zmdcdn.me/w240_r1x1_jpeg/cover/4/f/e/1/4fe14d271ac0030b7c5cf2461529c637.jpg','',NULL,'2023-11-20 17:23:28','2023-11-20 17:23:28'),(656,'Tường Duy','https://photo-resize-zmp3.zmdcdn.me/w240_r1x1_jpeg/avatars/a/0/1/2/a012f8eba2e8eedab8fc48b8cfd83772.jpg','',NULL,'2023-11-20 17:23:28','2023-11-20 17:23:28'),(658,'Anh Tú Atus','https://photo-resize-zmp3.zmdcdn.me/w240_r1x1_jpeg/avatars/8/d/4/0/8d40d75e1dab87cdbac9e52adcb66f4d.jpg','',NULL,'2023-11-20 17:23:28','2023-11-20 17:23:28'),(659,'Red Velvet','https://photo-resize-zmp3.zmdcdn.me/w240_r1x1_jpeg/avatars/7/4/8/b/748b9d31032c8312a36ffb75b2b9a28c.jpg','',NULL,'2023-11-20 17:23:28','2023-11-20 17:23:28'),(664,'Yến Trang','https://photo-resize-zmp3.zmdcdn.me/w240_r1x1_jpeg/avatars/5/e/f/f/5eff3a8fc81f47c04963523471b4e32f.jpg','',NULL,'2023-11-20 17:23:28','2023-11-20 17:23:28'),(665,'Phạm Lịch','https://photo-resize-zmp3.zmdcdn.me/w240_r1x1_jpeg/avatars/a/9/8/2/a982c383ce353b3d794896df346fddbf.jpg','',NULL,'2023-11-20 17:23:28','2023-11-20 17:23:28'),(669,'aespa','https://photo-resize-zmp3.zmdcdn.me/w240_r1x1_jpeg/avatars/7/3/6/9/7369d55e22eba292bc6a1014c1cc1822.jpg','',NULL,'2023-11-20 17:23:28','2023-11-20 17:23:28'),(673,'Stray Kids','https://photo-resize-zmp3.zmdcdn.me/w240_r1x1_jpeg/avatars/f/2/b/b/f2bbe1341215ad9e77fb974603faac39.jpg','',NULL,'2023-11-20 17:23:28','2023-11-20 17:23:28'),(676,'SOOJIN','https://photo-resize-zmp3.zmdcdn.me/w240_r1x1_jpeg/avatars/c/a/6/d/ca6d5ebed9b7e148d0d2ba5661c3e490.jpg','',NULL,'2023-11-20 17:23:28','2023-11-20 17:23:28'),(677,'KISS OF LIFE','https://photo-resize-zmp3.zmdcdn.me/w240_r1x1_jpeg/avatars/a/9/9/8/a998817e0a5953ab341ff5049f563731.jpg','',NULL,'2023-11-20 17:23:28','2023-11-20 17:23:28'),(687,'Epik High','https://photo-resize-zmp3.zmdcdn.me/w240_r1x1_jpeg/avatars/3/5/2/5/35256c3fd85de27a896eca52c9fe5b61.jpg','',NULL,'2023-11-20 17:23:28','2023-11-20 17:23:28'),(688,'HOSHI','https://photo-resize-zmp3.zmdcdn.me/w240_r1x1_jpeg/avatars/4/3/f/5/43f572cbd0bdc9bd3ced3c40348f57b4.jpg','',NULL,'2023-11-20 17:23:28','2023-11-20 17:23:28'),(845,'CM1X','https://photo-resize-zmp3.zmdcdn.me/w360_r1x1_jpeg/avatars/4/2/6/2/42629d9e28a9cec032b740c74232b908.jpg','',NULL,'2023-11-20 17:23:28','2023-11-20 17:23:28'),(883,'TWICE','https://photo-resize-zmp3.zmdcdn.me/w360_r1x1_jpeg/avatars/8/c/1/5/8c15046fd1d7f181a4094735a00471eb.jpg','',NULL,'2023-11-20 17:23:28','2023-11-20 17:23:28'),(912,'Nguyễn Hữu Kha','https://photo-resize-zmp3.zmdcdn.me/w360_r1x1_jpeg/avatars/3/f/f/8/3ff8cd88ea1338bdf4780b61f26d3f97.jpg','',NULL,'2023-11-20 17:23:28','2023-11-20 17:23:28'),(1056,'Phạm Đình Thái Ngân','https://photo-resize-zmp3.zmdcdn.me/w360_r1x1_jpeg/avatars/2/7/4/e/274ecc48e031def45c109db3a5e54855.jpg','',NULL,'2023-11-20 17:23:28','2023-11-20 17:23:28'),(1074,'Piggy','https://photo-resize-zmp3.zmdcdn.me/w360_r1x1_jpeg/avatars/1/7/7/8/1778cb11d414a1164efaeb0da0c6186b.jpg','',NULL,'2023-11-20 17:23:28','2023-11-20 17:23:28'),(1078,'Bé Mai Vy','https://photo-resize-zmp3.zmdcdn.me/w360_r1x1_jpeg/avatars/5/f/a/c/5fac84a92eb470dc3d9ccc970a42a1ec.jpg','',NULL,'2023-11-20 17:23:28','2023-11-20 17:23:28'),(1079,'Nguyệt Hằng','https://photo-resize-zmp3.zmdcdn.me/w360_r1x1_jpeg/avatars/9/4/947ec4b0c466a6ee6c6127d2fe29cc45_1508317277.jpg','',NULL,'2023-11-20 17:23:28','2023-11-20 17:23:28'),(1081,'Bé Phương Nhi','https://photo-resize-zmp3.zmdcdn.me/w360_r1x1_jpeg/avatars/2/6/26ee2f10e2c90d171987b35097727424_1374479196.jpg','',NULL,'2023-11-20 17:23:28','2023-11-20 17:23:28'),(1083,'Xuân Nghi','https://photo-resize-zmp3.zmdcdn.me/w360_r1x1_jpeg/avatars/5/b/2/4/5b248ab127aecb457eeb7521db061b2f.jpg','',NULL,'2023-11-20 17:23:28','2023-11-20 17:23:28'),(1084,'Bé Suri Minh Thư','https://photo-resize-zmp3.zmdcdn.me/w360_r1x1_jpeg/avatars/5/3/7/d/537d61da0f5c796c149b3178dc9c7f2e.jpg','',NULL,'2023-11-20 17:23:28','2023-11-20 17:23:28'),(1085,'Bé Bảo Trinh','https://photo-resize-zmp3.zmdcdn.me/w360_r1x1_jpeg/avatars/e/5/b/b/e5bb592b0489dee8ead5d86be68cb3f5.jpg','',NULL,'2023-11-20 17:23:28','2023-11-20 17:23:28'),(1086,'Anh Thư','https://photo-resize-zmp3.zmdcdn.me/w360_r1x1_jpeg/avatars/7/3/3/f/733fbdb85ba3260888d61af4a5163226.jpg','',NULL,'2023-11-20 17:23:28','2023-11-20 17:23:28'),(1087,'Bé Triệu Vy','https://photo-resize-zmp3.zmdcdn.me/w360_r1x1_jpeg/avatars/a/5/a5cf86b0d30d0a59d248b82c429357df_1508315525.jpg','',NULL,'2023-11-20 17:23:28','2023-11-20 17:23:28'),(1088,'Trịnh Nhật Minh','https://photo-resize-zmp3.zmdcdn.me/w360_r1x1_jpeg/avatars/5/1/7/a/517a6cd8aef2f158f91c81f87e44081f.jpg','',NULL,'2023-11-20 17:23:28','2023-11-20 17:23:28'),(1089,'Bé Đan Thư','https://photo-resize-zmp3.zmdcdn.me/w360_r1x1_jpeg/avatars/f/3/f3ccdd27d2000e3f9255a7e3e2c48800_1299467677.jpg','',NULL,'2023-11-20 17:23:28','2023-11-20 17:23:28'),(1090,'Bé Ruby','https://photo-resize-zmp3.zmdcdn.me/w360_r1x1_jpeg/avatars/1/a/2/7/1a27769dccc5d485f84a9b68bd666be0.jpg','',NULL,'2023-11-20 17:23:28','2023-11-20 17:23:28'),(1091,'Đỗ Tuyết Nhi','https://photo-resize-zmp3.zmdcdn.me/w360_r1x1_jpeg/avatars/e/c/ec44744ab36e8094482d9fd6d0f703b8_1516332048.jpg','',NULL,'2023-11-20 17:23:28','2023-11-20 17:23:28'),(1092,'Dâu Tây','https://photo-resize-zmp3.zmdcdn.me/w360_r1x1_jpeg/avatars/5/2/52a0a6b7fbc465dd6710672b9e208db7_1356419116.jpg','',NULL,'2023-11-20 17:23:28','2023-11-20 17:23:28'),(1093,'Kiến Thành','https://photo-resize-zmp3.zmdcdn.me/w360_r1x1_png/avatars/c/f/cf272a16eadafe7951634b5eb44e9242_1510807054.png','',NULL,'2023-11-20 17:23:28','2023-11-20 17:23:28'),(1151,'European Jazz Trio','https://photo-resize-zmp3.zmdcdn.me/w360_r1x1_jpeg/avatars/b/9/b9fb9d37bdf15a699bc071ce49baea53_1330835300.jpg','',NULL,'2023-11-20 17:23:28','2023-11-20 17:23:28');
/*!40000 ALTER TABLE `singers` ENABLE KEYS */;
UNLOCK TABLES;

--
-- Table structure for table `singers_albums`
--

DROP TABLE IF EXISTS `singers_albums`;
/*!40101 SET @saved_cs_client     = @@character_set_client */;
/*!50503 SET character_set_client = utf8mb4 */;
CREATE TABLE `singers_albums` (
  `id` bigint unsigned NOT NULL AUTO_INCREMENT,
  `singer_id` bigint unsigned NOT NULL,
  `album_id` bigint unsigned NOT NULL,
  `created_at` timestamp NULL DEFAULT NULL,
  `updated_at` timestamp NULL DEFAULT NULL,
  PRIMARY KEY (`id`)
) ENGINE=InnoDB AUTO_INCREMENT=110325 DEFAULT CHARSET=utf8mb4 COLLATE=utf8mb4_unicode_ci;
/*!40101 SET character_set_client = @saved_cs_client */;

--
-- Dumping data for table `singers_albums`
--

LOCK TABLES `singers_albums` WRITE;
/*!40000 ALTER TABLE `singers_albums` DISABLE KEYS */;
INSERT INTO `singers_albums` VALUES (52,794,7,NULL,NULL),(53,795,7,NULL,NULL),(54,459,7,NULL,NULL),(55,796,7,NULL,NULL),(56,797,7,NULL,NULL),(57,798,7,NULL,NULL),(58,799,7,NULL,NULL),(59,800,7,NULL,NULL),(60,801,7,NULL,NULL),(61,802,7,NULL,NULL),(62,803,7,NULL,NULL),(63,804,7,NULL,NULL),(64,805,7,NULL,NULL),(65,806,7,NULL,NULL),(66,807,7,NULL,NULL),(67,808,7,NULL,NULL),(68,809,7,NULL,NULL),(69,810,7,NULL,NULL),(70,22,7,NULL,NULL),(71,811,7,NULL,NULL),(72,812,7,NULL,NULL),(73,813,7,NULL,NULL),(74,814,7,NULL,NULL),(75,815,7,NULL,NULL),(76,816,7,NULL,NULL),(77,470,7,NULL,NULL),(78,671,7,NULL,NULL),(79,817,7,NULL,NULL),(80,818,7,NULL,NULL),(81,819,7,NULL,NULL),(82,820,7,NULL,NULL),(83,821,7,NULL,NULL),(84,822,7,NULL,NULL),(91,210,10,NULL,NULL),(92,42,10,NULL,NULL),(93,829,10,NULL,NULL),(94,830,10,NULL,NULL),(95,35,10,NULL,NULL),(96,831,10,NULL,NULL),(97,238,10,NULL,NULL),(98,832,10,NULL,NULL),(99,691,10,NULL,NULL),(100,208,10,NULL,NULL),(101,45,10,NULL,NULL),(102,833,10,NULL,NULL),(103,834,10,NULL,NULL),(104,835,10,NULL,NULL),(105,34,10,NULL,NULL),(106,836,10,NULL,NULL),(107,837,10,NULL,NULL),(108,427,10,NULL,NULL),(109,838,10,NULL,NULL),(110,839,10,NULL,NULL),(111,840,10,NULL,NULL),(112,93,10,NULL,NULL),(113,841,10,NULL,NULL),(114,842,10,NULL,NULL),(115,843,10,NULL,NULL),(116,844,10,NULL,NULL),(117,845,10,NULL,NULL),(118,846,10,NULL,NULL),(119,95,10,NULL,NULL),(120,44,10,NULL,NULL),(121,294,10,NULL,NULL),(122,99,10,NULL,NULL),(123,847,10,NULL,NULL),(124,848,10,NULL,NULL),(125,32,10,NULL,NULL),(126,849,10,NULL,NULL),(127,126,10,NULL,NULL),(128,92,10,NULL,NULL),(129,850,10,NULL,NULL),(130,851,10,NULL,NULL),(131,852,10,NULL,NULL),(132,642,10,NULL,NULL),(133,640,10,NULL,NULL),(134,853,10,NULL,NULL),(135,854,10,NULL,NULL),(136,855,10,NULL,NULL),(137,856,10,NULL,NULL),(138,33,10,NULL,NULL),(139,142,10,NULL,NULL),(140,348,10,NULL,NULL),(141,347,10,NULL,NULL),(142,857,10,NULL,NULL),(143,858,10,NULL,NULL),(144,316,10,NULL,NULL),(145,859,10,NULL,NULL),(146,860,10,NULL,NULL),(147,861,10,NULL,NULL),(148,301,10,NULL,NULL),(149,862,10,NULL,NULL),(150,361,10,NULL,NULL),(151,863,10,NULL,NULL),(152,303,10,NULL,NULL),(153,72,10,NULL,NULL),(154,864,10,NULL,NULL),(155,300,10,NULL,NULL),(156,39,12,NULL,NULL),(157,875,12,NULL,NULL),(158,40,12,NULL,NULL),(159,876,12,NULL,NULL),(160,877,12,NULL,NULL),(161,38,12,NULL,NULL),(162,878,12,NULL,NULL),(163,879,12,NULL,NULL),(164,457,12,NULL,NULL),(165,880,12,NULL,NULL),(166,881,12,NULL,NULL),(167,882,12,NULL,NULL),(168,472,12,NULL,NULL),(169,883,12,NULL,NULL),(170,884,12,NULL,NULL),(171,885,12,NULL,NULL),(172,886,12,NULL,NULL),(173,887,12,NULL,NULL),(174,468,12,NULL,NULL),(175,446,12,NULL,NULL),(176,888,12,NULL,NULL),(177,889,12,NULL,NULL),(178,890,12,NULL,NULL),(179,891,12,NULL,NULL),(180,892,12,NULL,NULL),(181,893,12,NULL,NULL),(182,894,12,NULL,NULL),(183,895,12,NULL,NULL),(184,896,12,NULL,NULL),(185,897,12,NULL,NULL),(186,898,12,NULL,NULL),(187,899,12,NULL,NULL),(188,900,12,NULL,NULL),(189,901,12,NULL,NULL),(190,902,12,NULL,NULL),(191,666,14,NULL,NULL),(192,944,14,NULL,NULL),(193,46,14,NULL,NULL),(194,945,14,NULL,NULL),(195,946,14,NULL,NULL),(196,947,14,NULL,NULL),(197,679,14,NULL,NULL),(198,948,14,NULL,NULL),(199,667,14,NULL,NULL),(200,949,14,NULL,NULL),(201,668,14,NULL,NULL),(202,48,14,NULL,NULL),(203,925,14,NULL,NULL),(204,950,14,NULL,NULL),(205,951,14,NULL,NULL),(206,952,14,NULL,NULL),(207,99,14,NULL,NULL),(208,426,14,NULL,NULL),(209,953,14,NULL,NULL),(210,682,14,NULL,NULL),(211,954,14,NULL,NULL),(212,955,14,NULL,NULL),(213,956,14,NULL,NULL),(214,47,14,NULL,NULL),(215,195,14,NULL,NULL),(216,957,14,NULL,NULL),(217,958,14,NULL,NULL),(218,959,14,NULL,NULL),(219,210,14,NULL,NULL),(220,960,14,NULL,NULL),(221,861,14,NULL,NULL),(222,961,14,NULL,NULL),(223,962,14,NULL,NULL),(224,678,14,NULL,NULL),(225,665,14,NULL,NULL),(226,296,14,NULL,NULL),(238,70,17,NULL,NULL),(239,306,17,NULL,NULL),(240,958,17,NULL,NULL),(241,980,17,NULL,NULL),(242,959,17,NULL,NULL),(336,398,67,NULL,NULL),(337,462,67,NULL,NULL),(338,998,67,NULL,NULL),(339,188,67,NULL,NULL),(340,1185,67,NULL,NULL),(341,1232,67,NULL,NULL),(342,185,67,NULL,NULL),(348,476,81,NULL,NULL),(349,207,81,NULL,NULL),(350,1007,81,NULL,NULL),(351,1330,81,NULL,NULL),(352,1331,81,NULL,NULL),(353,75,81,NULL,NULL),(354,59,81,NULL,NULL),(355,1332,81,NULL,NULL),(356,1333,81,NULL,NULL),(357,101,81,NULL,NULL),(358,1334,81,NULL,NULL),(359,1335,81,NULL,NULL),(364,1340,84,NULL,NULL),(365,1341,84,NULL,NULL),(366,1342,84,NULL,NULL),(367,1343,84,NULL,NULL),(368,1344,84,NULL,NULL),(369,1345,84,NULL,NULL),(370,897,84,NULL,NULL),(371,220,84,NULL,NULL),(372,878,84,NULL,NULL),(373,1346,84,NULL,NULL),(374,218,84,NULL,NULL),(375,1347,84,NULL,NULL),(376,902,84,NULL,NULL),(377,1348,84,NULL,NULL),(378,1349,84,NULL,NULL),(379,219,84,NULL,NULL),(380,1350,84,NULL,NULL),(381,1351,84,NULL,NULL),(382,1352,84,NULL,NULL),(383,217,84,NULL,NULL),(384,1353,84,NULL,NULL),(385,1354,84,NULL,NULL),(386,1355,84,NULL,NULL),(387,1356,84,NULL,NULL),(388,1357,84,NULL,NULL),(389,41,84,NULL,NULL),(390,1358,84,NULL,NULL),(391,1359,84,NULL,NULL),(392,1360,84,NULL,NULL),(393,1361,84,NULL,NULL),(394,1362,84,NULL,NULL),(395,1363,84,NULL,NULL),(396,1364,84,NULL,NULL),(397,1365,84,NULL,NULL),(398,1366,84,NULL,NULL),(399,1367,84,NULL,NULL),(400,446,84,NULL,NULL),(401,1368,84,NULL,NULL),(402,1369,84,NULL,NULL),(403,1370,84,NULL,NULL),(404,1371,84,NULL,NULL),(405,1372,84,NULL,NULL),(406,1373,84,NULL,NULL),(407,1374,84,NULL,NULL),(408,1375,84,NULL,NULL),(440,1449,95,NULL,NULL),(441,1450,95,NULL,NULL),(1832,501,125,NULL,NULL),(1833,502,125,NULL,NULL),(1834,438,125,NULL,NULL),(1835,639,125,NULL,NULL),(1836,729,125,NULL,NULL),(1837,445,125,NULL,NULL),(1838,582,125,NULL,NULL),(1839,621,125,NULL,NULL),(1840,622,125,NULL,NULL),(1841,666,125,NULL,NULL),(49219,647,20,NULL,NULL),(49226,659,19,NULL,NULL),(49227,94,19,NULL,NULL),(49228,395,19,NULL,NULL),(108957,416,116,NULL,NULL),(108958,417,116,NULL,NULL),(108959,433,116,NULL,NULL),(108960,446,116,NULL,NULL),(108961,457,116,NULL,NULL),(108962,470,116,NULL,NULL),(108963,482,116,NULL,NULL),(108964,483,116,NULL,NULL),(108965,487,116,NULL,NULL),(108966,489,116,NULL,NULL),(108967,645,116,NULL,NULL),(108968,646,116,NULL,NULL),(108969,647,116,NULL,NULL),(108970,39,116,NULL,NULL),(108971,659,116,NULL,NULL),(108972,669,116,NULL,NULL),(108973,673,116,NULL,NULL),(108974,676,116,NULL,NULL),(108975,677,116,NULL,NULL),(108976,459,116,NULL,NULL),(108977,687,116,NULL,NULL),(108978,688,116,NULL,NULL),(108979,70,116,NULL,NULL),(108980,306,116,NULL,NULL),(108981,310,116,NULL,NULL),(108982,313,116,NULL,NULL),(108983,292,116,NULL,NULL),(108984,75,116,NULL,NULL),(108985,93,116,NULL,NULL),(108986,386,116,NULL,NULL),(108987,387,116,NULL,NULL),(108988,388,116,NULL,NULL),(108989,73,116,NULL,NULL),(108990,389,116,NULL,NULL),(108991,390,116,NULL,NULL),(108992,391,116,NULL,NULL),(108993,392,116,NULL,NULL),(108994,393,116,NULL,NULL),(108995,76,116,NULL,NULL),(108996,394,116,NULL,NULL),(108997,74,116,NULL,NULL),(108998,395,116,NULL,NULL),(108999,396,116,NULL,NULL),(109000,94,116,NULL,NULL),(109001,397,116,NULL,NULL),(109002,398,116,NULL,NULL),(109003,399,116,NULL,NULL),(109004,400,116,NULL,NULL),(109005,347,116,NULL,NULL),(109006,401,116,NULL,NULL),(109007,402,116,NULL,NULL),(109008,33,116,NULL,NULL),(109009,403,116,NULL,NULL),(109010,208,116,NULL,NULL),(109011,404,116,NULL,NULL),(109012,405,116,NULL,NULL),(109013,337,116,NULL,NULL),(109014,406,116,NULL,NULL),(109015,407,116,NULL,NULL),(109016,408,116,NULL,NULL),(109017,142,116,NULL,NULL),(109018,54,116,NULL,NULL),(109019,409,116,NULL,NULL),(109020,185,116,NULL,NULL),(109021,410,116,NULL,NULL),(109022,411,116,NULL,NULL),(109023,412,116,NULL,NULL),(109024,413,116,NULL,NULL),(109025,414,116,NULL,NULL),(109026,415,116,NULL,NULL),(109027,309,116,NULL,NULL),(109028,348,116,NULL,NULL),(109029,419,116,NULL,NULL),(109030,144,116,NULL,NULL),(109031,420,116,NULL,NULL),(109032,421,116,NULL,NULL),(109033,422,116,NULL,NULL),(109034,423,116,NULL,NULL),(109035,210,116,NULL,NULL),(109036,424,116,NULL,NULL),(109037,425,116,NULL,NULL),(109038,426,116,NULL,NULL),(109039,59,116,NULL,NULL),(109040,427,116,NULL,NULL),(109041,430,116,NULL,NULL),(109042,44,116,NULL,NULL),(109043,431,116,NULL,NULL),(109044,432,116,NULL,NULL),(109045,15,116,NULL,NULL),(109046,107,116,NULL,NULL),(109047,1078,116,NULL,NULL),(109048,108,116,NULL,NULL),(109049,110,116,NULL,NULL),(109050,1084,116,NULL,NULL),(109051,1074,116,NULL,NULL),(109052,109,116,NULL,NULL),(109053,106,116,NULL,NULL),(109054,1085,116,NULL,NULL),(109055,1079,116,NULL,NULL),(109056,111,116,NULL,NULL),(109057,1086,116,NULL,NULL),(109058,1087,116,NULL,NULL),(109059,1088,116,NULL,NULL),(109060,1089,116,NULL,NULL),(109061,112,116,NULL,NULL),(109062,1090,116,NULL,NULL),(109063,1091,116,NULL,NULL),(109064,1092,116,NULL,NULL),(109065,1081,116,NULL,NULL),(109066,1093,116,NULL,NULL),(109067,115,116,NULL,NULL),(109068,1083,116,NULL,NULL),(109069,1151,116,NULL,NULL),(110077,35,105,NULL,NULL),(110078,342,105,NULL,NULL),(110079,343,105,NULL,NULL),(110080,344,105,NULL,NULL),(110081,345,105,NULL,NULL),(110082,346,105,NULL,NULL),(110083,347,105,NULL,NULL),(110084,316,105,NULL,NULL),(110085,348,105,NULL,NULL),(110086,33,105,NULL,NULL),(110087,310,105,NULL,NULL),(110088,311,105,NULL,NULL),(110089,349,105,NULL,NULL),(110090,351,105,NULL,NULL),(110091,352,105,NULL,NULL),(110092,292,105,NULL,NULL),(110093,302,105,NULL,NULL),(110094,359,105,NULL,NULL),(110095,360,105,NULL,NULL),(110096,361,105,NULL,NULL),(110097,339,105,NULL,NULL),(110098,362,105,NULL,NULL),(110099,363,105,NULL,NULL),(110100,368,105,NULL,NULL),(110101,328,105,NULL,NULL),(110102,369,105,NULL,NULL),(110103,370,105,NULL,NULL),(110104,70,105,NULL,NULL),(110105,289,105,NULL,NULL),(110106,306,105,NULL,NULL),(110107,287,105,NULL,NULL),(110108,372,105,NULL,NULL),(110109,373,105,NULL,NULL),(110110,378,105,NULL,NULL),(110111,379,105,NULL,NULL),(110112,445,105,NULL,NULL),(110113,59,105,NULL,NULL),(110114,187,105,NULL,NULL),(110115,95,105,NULL,NULL),(110116,307,105,NULL,NULL),(110117,197,105,NULL,NULL),(110118,296,105,NULL,NULL),(110119,439,105,NULL,NULL),(110120,462,105,NULL,NULL),(110121,463,105,NULL,NULL),(110122,464,105,NULL,NULL),(110123,470,105,NULL,NULL),(110124,207,105,NULL,NULL),(110125,74,105,NULL,NULL),(110126,489,105,NULL,NULL),(110127,493,105,NULL,NULL),(110128,496,105,NULL,NULL),(110129,498,105,NULL,NULL),(110130,291,105,NULL,NULL),(110131,520,105,NULL,NULL),(110132,511,105,NULL,NULL),(110133,516,105,NULL,NULL),(110134,508,105,NULL,NULL),(110135,526,105,NULL,NULL),(110136,559,105,NULL,NULL),(110137,564,105,NULL,NULL),(110138,547,105,NULL,NULL),(110139,536,105,NULL,NULL),(110140,545,105,NULL,NULL),(110141,577,105,NULL,NULL),(110142,578,105,NULL,NULL),(110143,514,105,NULL,NULL),(110144,585,105,NULL,NULL),(110145,572,105,NULL,NULL),(110146,586,105,NULL,NULL),(110147,589,105,NULL,NULL),(110148,590,105,NULL,NULL),(110149,599,105,NULL,NULL),(110150,581,105,NULL,NULL),(110151,44,105,NULL,NULL),(110152,845,105,NULL,NULL),(110153,883,105,NULL,NULL),(110289,144,107,NULL,NULL),(110290,210,107,NULL,NULL),(110291,648,107,NULL,NULL),(110292,387,107,NULL,NULL),(110293,625,107,NULL,NULL),(110294,626,107,NULL,NULL),(110295,514,107,NULL,NULL),(110296,627,107,NULL,NULL),(110297,583,107,NULL,NULL),(110298,576,107,NULL,NULL),(110299,629,107,NULL,NULL),(110300,630,107,NULL,NULL),(110301,631,107,NULL,NULL),(110302,608,107,NULL,NULL),(110303,634,107,NULL,NULL),(110304,635,107,NULL,NULL),(110305,636,107,NULL,NULL),(110306,501,107,NULL,NULL),(110307,502,107,NULL,NULL),(110308,438,107,NULL,NULL),(110309,49,107,NULL,NULL),(110310,645,107,NULL,NULL),(110311,646,107,NULL,NULL),(110312,647,107,NULL,NULL),(110313,57,107,NULL,NULL),(110314,656,107,NULL,NULL),(110315,658,107,NULL,NULL),(110316,39,107,NULL,NULL),(110317,659,107,NULL,NULL),(110318,461,107,NULL,NULL),(110319,664,107,NULL,NULL),(110320,665,107,NULL,NULL),(110321,235,107,NULL,NULL),(110322,912,107,NULL,NULL),(110323,312,107,NULL,NULL),(110324,1056,107,NULL,NULL);
/*!40000 ALTER TABLE `singers_albums` ENABLE KEYS */;
UNLOCK TABLES;

--
-- Table structure for table `singers_followers`
--

DROP TABLE IF EXISTS `singers_followers`;
/*!40101 SET @saved_cs_client     = @@character_set_client */;
/*!50503 SET character_set_client = utf8mb4 */;
CREATE TABLE `singers_followers` (
  `id` bigint unsigned NOT NULL AUTO_INCREMENT,
  `singer_id` bigint unsigned NOT NULL,
  `follower_id` bigint unsigned NOT NULL,
  `created_at` timestamp NULL DEFAULT NULL,
  `updated_at` timestamp NULL DEFAULT NULL,
  PRIMARY KEY (`id`)
) ENGINE=InnoDB DEFAULT CHARSET=utf8mb4 COLLATE=utf8mb4_unicode_ci;
/*!40101 SET character_set_client = @saved_cs_client */;

--
-- Dumping data for table `singers_followers`
--

LOCK TABLES `singers_followers` WRITE;
/*!40000 ALTER TABLE `singers_followers` DISABLE KEYS */;
/*!40000 ALTER TABLE `singers_followers` ENABLE KEYS */;
UNLOCK TABLES;

--
-- Table structure for table `singers_songs`
--

DROP TABLE IF EXISTS `singers_songs`;
/*!40101 SET @saved_cs_client     = @@character_set_client */;
/*!50503 SET character_set_client = utf8mb4 */;
CREATE TABLE `singers_songs` (
  `id` bigint unsigned NOT NULL AUTO_INCREMENT,
  `singer_id` bigint unsigned NOT NULL,
  `song_id` bigint unsigned NOT NULL,
  `created_at` timestamp NULL DEFAULT NULL,
  `updated_at` timestamp NULL DEFAULT NULL,
  PRIMARY KEY (`id`)
) ENGINE=InnoDB AUTO_INCREMENT=2875 DEFAULT CHARSET=utf8mb4 COLLATE=utf8mb4_unicode_ci;
/*!40101 SET character_set_client = @saved_cs_client */;

--
-- Dumping data for table `singers_songs`
--

LOCK TABLES `singers_songs` WRITE;
/*!40000 ALTER TABLE `singers_songs` DISABLE KEYS */;
INSERT INTO `singers_songs` VALUES (265,416,137,NULL,NULL),(266,417,138,NULL,NULL),(270,144,141,NULL,NULL),(285,433,150,NULL,NULL),(297,446,156,NULL,NULL),(310,457,164,NULL,NULL),(321,470,172,NULL,NULL),(335,482,182,NULL,NULL),(336,483,182,NULL,NULL),(340,487,185,NULL,NULL),(341,489,186,NULL,NULL),(589,35,386,NULL,NULL),(596,645,391,NULL,NULL),(597,646,391,NULL,NULL),(598,210,392,NULL,NULL),(599,647,393,NULL,NULL),(601,648,395,NULL,NULL),(602,387,395,NULL,NULL),(606,39,399,NULL,NULL),(607,659,400,NULL,NULL),(618,669,407,NULL,NULL),(619,673,408,NULL,NULL),(629,676,414,NULL,NULL),(630,677,415,NULL,NULL),(651,459,426,NULL,NULL),(654,687,429,NULL,NULL),(655,688,429,NULL,NULL),(668,144,437,NULL,NULL),(1042,70,696,NULL,NULL),(1043,306,696,NULL,NULL),(1045,310,698,NULL,NULL),(1046,313,698,NULL,NULL),(1047,292,698,NULL,NULL),(1096,342,720,NULL,NULL),(1097,343,720,NULL,NULL),(1098,344,720,NULL,NULL),(1099,345,720,NULL,NULL),(1100,346,720,NULL,NULL),(1102,347,722,NULL,NULL),(1103,316,722,NULL,NULL),(1104,348,722,NULL,NULL),(1105,33,722,NULL,NULL),(1111,310,726,NULL,NULL),(1112,311,726,NULL,NULL),(1113,349,726,NULL,NULL),(1118,351,729,NULL,NULL),(1119,352,729,NULL,NULL),(1120,292,729,NULL,NULL),(1136,302,739,NULL,NULL),(1137,348,740,NULL,NULL),(1138,316,740,NULL,NULL),(1139,310,741,NULL,NULL),(1140,359,741,NULL,NULL),(1141,360,741,NULL,NULL),(1142,361,742,NULL,NULL),(1143,339,743,NULL,NULL),(1144,362,743,NULL,NULL),(1145,363,743,NULL,NULL),(1153,368,747,NULL,NULL),(1154,328,747,NULL,NULL),(1157,339,749,NULL,NULL),(1158,369,749,NULL,NULL),(1159,370,749,NULL,NULL),(1162,70,751,NULL,NULL),(1163,289,751,NULL,NULL),(1164,306,751,NULL,NULL),(1165,287,752,NULL,NULL),(1166,372,753,NULL,NULL),(1167,373,753,NULL,NULL),(1179,378,760,NULL,NULL),(1180,379,760,NULL,NULL),(1189,75,766,NULL,NULL),(1190,93,767,NULL,NULL),(1191,386,768,NULL,NULL),(1192,387,769,NULL,NULL),(1193,388,769,NULL,NULL),(1194,73,770,NULL,NULL),(1195,389,770,NULL,NULL),(1196,390,771,NULL,NULL),(1197,391,771,NULL,NULL),(1198,392,772,NULL,NULL),(1199,393,772,NULL,NULL),(1200,76,773,NULL,NULL),(1201,394,774,NULL,NULL),(1202,74,774,NULL,NULL),(1203,394,775,NULL,NULL),(1204,74,775,NULL,NULL),(1205,93,776,NULL,NULL),(1206,75,776,NULL,NULL),(1207,76,777,NULL,NULL),(1208,75,777,NULL,NULL),(1209,388,777,NULL,NULL),(1210,93,777,NULL,NULL),(1211,395,778,NULL,NULL),(1212,396,778,NULL,NULL),(1213,94,778,NULL,NULL),(1214,397,779,NULL,NULL),(1215,398,780,NULL,NULL),(1216,399,780,NULL,NULL),(1217,400,781,NULL,NULL),(1218,392,781,NULL,NULL),(1219,94,782,NULL,NULL),(1220,347,783,NULL,NULL),(1221,401,783,NULL,NULL),(1222,400,784,NULL,NULL),(1223,402,785,NULL,NULL),(1224,33,785,NULL,NULL),(1225,403,786,NULL,NULL),(1226,208,787,NULL,NULL),(1227,404,787,NULL,NULL),(1228,76,788,NULL,NULL),(1229,405,788,NULL,NULL),(1230,337,789,NULL,NULL),(1231,406,790,NULL,NULL),(1232,313,790,NULL,NULL),(1233,73,791,NULL,NULL),(1234,407,792,NULL,NULL),(1235,408,792,NULL,NULL),(1236,142,793,NULL,NULL),(1237,76,794,NULL,NULL),(1238,54,794,NULL,NULL),(1239,409,795,NULL,NULL),(1240,185,796,NULL,NULL),(1241,208,797,NULL,NULL),(1242,410,797,NULL,NULL),(1243,411,798,NULL,NULL),(1244,412,799,NULL,NULL),(1245,413,800,NULL,NULL),(1246,414,800,NULL,NULL),(1247,415,800,NULL,NULL),(1248,309,800,NULL,NULL),(1249,416,801,NULL,NULL),(1250,417,802,NULL,NULL),(1251,348,803,NULL,NULL),(1252,208,804,NULL,NULL),(1253,419,804,NULL,NULL),(1254,144,805,NULL,NULL),(1255,420,806,NULL,NULL),(1256,421,806,NULL,NULL),(1257,422,806,NULL,NULL),(1258,423,807,NULL,NULL),(1259,210,808,NULL,NULL),(1260,424,809,NULL,NULL),(1261,425,809,NULL,NULL),(1262,426,810,NULL,NULL),(1263,59,811,NULL,NULL),(1264,427,811,NULL,NULL),(1265,430,812,NULL,NULL),(1266,44,812,NULL,NULL),(1267,431,813,NULL,NULL),(1268,432,813,NULL,NULL),(1280,445,819,NULL,NULL),(1282,59,821,NULL,NULL),(1283,187,821,NULL,NULL),(1285,95,823,NULL,NULL),(1286,307,823,NULL,NULL),(1287,197,824,NULL,NULL),(1288,296,824,NULL,NULL),(1295,439,829,NULL,NULL),(1297,462,831,NULL,NULL),(1298,463,831,NULL,NULL),(1299,464,831,NULL,NULL),(1305,470,836,NULL,NULL),(1310,207,840,NULL,NULL),(1312,74,842,NULL,NULL),(1325,489,850,NULL,NULL),(1330,493,853,NULL,NULL),(1335,496,857,NULL,NULL),(1339,498,859,NULL,NULL),(1340,291,859,NULL,NULL),(1368,520,880,NULL,NULL),(1373,511,885,NULL,NULL),(1411,516,923,NULL,NULL),(1414,508,925,NULL,NULL),(1430,526,938,NULL,NULL),(1431,559,938,NULL,NULL),(1433,526,940,NULL,NULL),(1435,526,942,NULL,NULL),(1436,559,942,NULL,NULL),(1444,564,948,NULL,NULL),(1452,547,955,NULL,NULL),(1453,536,955,NULL,NULL),(1454,545,955,NULL,NULL),(1477,577,973,NULL,NULL),(1478,578,973,NULL,NULL),(1486,514,981,NULL,NULL),(1488,585,983,NULL,NULL),(1489,572,984,NULL,NULL),(1490,586,984,NULL,NULL),(1493,511,987,NULL,NULL),(1494,589,988,NULL,NULL),(1495,590,989,NULL,NULL),(1504,514,996,NULL,NULL),(1505,599,997,NULL,NULL),(1507,581,999,NULL,NULL),(1547,625,1029,NULL,NULL),(1548,626,1030,NULL,NULL),(1549,514,1031,NULL,NULL),(1550,627,1031,NULL,NULL),(1552,583,1033,NULL,NULL),(1554,576,1035,NULL,NULL),(1555,514,1036,NULL,NULL),(1556,629,1037,NULL,NULL),(1557,630,1037,NULL,NULL),(1558,631,1038,NULL,NULL),(1559,608,1039,NULL,NULL),(1562,634,1042,NULL,NULL),(1563,635,1043,NULL,NULL),(1564,576,1044,NULL,NULL),(1565,636,1045,NULL,NULL),(1566,636,1046,NULL,NULL),(1567,501,1047,NULL,NULL),(1568,502,1047,NULL,NULL),(1569,438,1047,NULL,NULL),(1578,49,1053,NULL,NULL),(1580,645,1055,NULL,NULL),(1581,646,1055,NULL,NULL),(1582,210,1056,NULL,NULL),(1583,647,1057,NULL,NULL),(1584,57,1058,NULL,NULL),(1585,648,1059,NULL,NULL),(1586,387,1059,NULL,NULL),(1588,656,1061,NULL,NULL),(1589,658,1062,NULL,NULL),(1590,39,1063,NULL,NULL),(1591,659,1064,NULL,NULL),(1595,461,1067,NULL,NULL),(1596,664,1067,NULL,NULL),(1597,461,1068,NULL,NULL),(1598,665,1068,NULL,NULL),(1604,235,1073,NULL,NULL),(1802,15,1206,NULL,NULL),(2095,44,1404,NULL,NULL),(2096,845,1404,NULL,NULL),(2169,883,1444,NULL,NULL),(2242,235,1500,NULL,NULL),(2255,912,1507,NULL,NULL),(2259,312,1511,NULL,NULL),(2614,1056,1715,NULL,NULL),(2661,107,1757,NULL,NULL),(2662,1078,1758,NULL,NULL),(2663,108,1759,NULL,NULL),(2664,110,1760,NULL,NULL),(2665,1084,1761,NULL,NULL),(2666,1074,1762,NULL,NULL),(2667,109,1763,NULL,NULL),(2668,106,1764,NULL,NULL),(2669,1085,1765,NULL,NULL),(2670,108,1766,NULL,NULL),(2671,1078,1767,NULL,NULL),(2672,1079,1768,NULL,NULL),(2673,111,1769,NULL,NULL),(2674,1086,1770,NULL,NULL),(2675,1087,1771,NULL,NULL),(2677,1088,1773,NULL,NULL),(2678,107,1774,NULL,NULL),(2679,106,1775,NULL,NULL),(2680,1087,1776,NULL,NULL),(2681,1089,1777,NULL,NULL),(2682,112,1778,NULL,NULL),(2683,107,1779,NULL,NULL),(2684,1090,1780,NULL,NULL),(2685,1091,1781,NULL,NULL),(2686,1092,1781,NULL,NULL),(2687,1081,1782,NULL,NULL),(2688,1093,1783,NULL,NULL),(2689,111,1784,NULL,NULL),(2690,108,1785,NULL,NULL),(2691,108,1786,NULL,NULL),(2692,107,1787,NULL,NULL),(2693,1078,1788,NULL,NULL),(2694,115,1789,NULL,NULL),(2695,1083,1790,NULL,NULL),(2697,1079,1792,NULL,NULL),(2699,106,1794,NULL,NULL),(2700,111,1795,NULL,NULL),(2701,108,1796,NULL,NULL),(2702,1085,1797,NULL,NULL),(2874,1151,1960,NULL,NULL);
/*!40000 ALTER TABLE `singers_songs` ENABLE KEYS */;
UNLOCK TABLES;

--
-- Table structure for table `songs`
--

DROP TABLE IF EXISTS `songs`;
/*!40101 SET @saved_cs_client     = @@character_set_client */;
/*!50503 SET character_set_client = utf8mb4 */;
CREATE TABLE `songs` (
  `id` bigint unsigned NOT NULL AUTO_INCREMENT,
  `name` varchar(100) COLLATE utf8mb4_unicode_ci NOT NULL,
  `account_id` bigint unsigned NOT NULL,
  `album_id` bigint unsigned DEFAULT NULL,
  `thumbnail` varchar(255) COLLATE utf8mb4_unicode_ci DEFAULT NULL,
  `lyric` varchar(255) COLLATE utf8mb4_unicode_ci DEFAULT NULL,
  `duration` int NOT NULL,
  `audio` varchar(255) COLLATE utf8mb4_unicode_ci NOT NULL,
  `released_at` date DEFAULT NULL,
  `deleted_at` timestamp NULL DEFAULT NULL,
  `created_at` timestamp NULL DEFAULT NULL,
  `updated_at` timestamp NULL DEFAULT NULL,
  PRIMARY KEY (`id`),
  UNIQUE KEY `songs_name_unique` (`name`),
  FULLTEXT KEY `search` (`name`)
) ENGINE=InnoDB AUTO_INCREMENT=1961 DEFAULT CHARSET=utf8mb4 COLLATE=utf8mb4_unicode_ci;
/*!40101 SET character_set_client = @saved_cs_client */;

--
-- Dumping data for table `songs`
--

LOCK TABLES `songs` WRITE;
/*!40000 ALTER TABLE `songs` DISABLE KEYS */;
INSERT INTO `songs` VALUES (137,'Talk Saxy',1,NULL,'https://photo-resize-zmp3.zmdcdn.me/w240_r1x1_jpeg/cover/5/9/d/b/59dbf6c6861471d79c09d92ba31fd5d8.jpg',NULL,191,'Talk-Saxy.mp3','2023-10-27',NULL,'2023-11-28 02:30:23','2023-11-28 02:30:23'),(138,'Perfect Night',1,NULL,'https://photo-resize-zmp3.zmdcdn.me/w240_r1x1_jpeg/cover/a/e/7/2/ae72e2f7df24803cf3a044e75ed1592f.jpg',NULL,159,'Perfect-Night.mp3','2023-10-27',NULL,'2023-11-28 02:30:23','2023-11-28 02:30:23'),(141,'Như Giấc Mơ Dài',1,NULL,'https://photo-resize-zmp3.zmdcdn.me/w240_r1x1_jpeg/cover/1/4/a/1/14a1ce15c0aa3774d750a570cb56f1fd.jpg',NULL,233,'Như-Giấc-Mơ-Dài.mp3','2023-10-26',NULL,'2023-11-28 02:30:23','2023-11-28 02:30:23'),(150,'Gum',1,NULL,'https://photo-resize-zmp3.zmdcdn.me/w240_r1x1_jpeg/cover/b/e/1/1/be11d4c77763351bfe56a7f689671b55.jpg',NULL,163,'Gum.mp3','2023-10-25',NULL,'2023-11-28 02:30:23','2023-11-28 02:30:23'),(156,'God of Music',1,NULL,'https://photo-resize-zmp3.zmdcdn.me/w240_r1x1_jpeg/cover/3/c/5/a/3c5a430225b66416824a8e929a7bce41.jpg',NULL,205,'God-of-Music.mp3','2023-10-23',NULL,'2023-11-28 02:30:23','2023-11-28 02:30:23'),(164,'B.O.M.B (KABOOM ver.)',1,NULL,'https://photo-resize-zmp3.zmdcdn.me/w240_r1x1_jpeg/cover/7/d/7/6/7d764ff33b7d2ca29b3eb4383878ec2b.jpg',NULL,217,'B.O.M.B-(KABOOM-ver.).mp3','2023-10-20',NULL,'2023-11-28 02:30:23','2023-11-28 02:30:23'),(172,'Chasing That Feeling',1,NULL,'https://photo-resize-zmp3.zmdcdn.me/w240_r1x1_jpeg/cover/e/e/d/0/eed0b67c31a9b070a173f963def7b021.jpg',NULL,183,'Chasing-That-Feeling.mp3','2023-10-13',NULL,'2023-11-28 02:30:23','2023-11-28 02:30:23'),(182,'RA TA TA (Feat. Lil Cherry)',1,NULL,'https://photo-resize-zmp3.zmdcdn.me/w240_r1x1_jpeg/cover/9/7/b/b/97bb37d75b83e37a7df7163581d799bb.jpg',NULL,177,'RA-TA-TA-(Feat.-Lil-Cherry).mp3','2023-10-10',NULL,'2023-11-28 02:30:23','2023-11-28 02:30:23'),(185,'You & Me',1,NULL,'https://photo-resize-zmp3.zmdcdn.me/w240_r1x1_jpeg/cover/0/e/d/2/0ed20794e6572a20f57cd15393aca3f1.jpg',NULL,179,'You-&-Me.mp3','2023-10-06',NULL,'2023-11-28 02:30:23','2023-11-28 02:30:23'),(186,'Fact Check 불가사의; 不可思議',1,NULL,'https://photo-resize-zmp3.zmdcdn.me/w240_r1x1_jpeg/cover/8/3/2/3/8323002cc0bf7d8379bfd8320d5766de.jpg',NULL,185,'Fact-Check-불가사의;-不可思議.mp3','2023-10-06',NULL,'2023-11-28 02:30:23','2023-11-28 02:30:23'),(386,'Huyền Vi',1,NULL,'https://photo-resize-zmp3.zmdcdn.me/w240_r1x1_jpeg/cover/8/c/c/0/8cc0c3cb083abceb31df735871ac5664.jpg',NULL,256,'Huyền-Vi.mp3','2023-11-18',NULL,'2023-11-28 02:30:23','2023-11-28 02:30:23'),(391,'Broken Melodies (JVKE Remix)',1,NULL,'https://photo-resize-zmp3.zmdcdn.me/w240_r1x1_jpeg/cover/c/c/f/7/ccf70e6ea2dab39d63b57f8c0298f20b.jpg',NULL,226,'Broken-Melodies-(JVKE-Remix).mp3','2023-11-17',NULL,'2023-11-28 02:30:23','2023-11-28 02:30:23'),(392,'Ước Nguyện Một Vì Sao (From \"Wish\"/Soundtrack Version)',1,NULL,'https://photo-resize-zmp3.zmdcdn.me/w240_r1x1_jpeg/cover/f/f/c/b/ffcbc36f9bb752a8cec6cbd6d341a122.jpg',NULL,173,'Ước-Nguyện-Một-Vì-Sao-(From-\"Wish\"-Soundtrack-Version).mp3','2023-11-17',NULL,'2023-11-28 02:30:23','2023-11-28 02:30:23'),(393,'Sweet Venom',1,NULL,'https://photo-resize-zmp3.zmdcdn.me/w240_r1x1_jpeg/cover/c/5/8/c/c58ce4bd156bed04677ea20fba94ed67.jpg',NULL,149,'Sweet-Venom.mp3','2023-11-17',NULL,'2023-11-28 02:30:23','2023-11-28 02:30:23'),(395,'Hoa Hồng Đen (Theme Song From Chiếm Đoạt)',1,NULL,'https://photo-resize-zmp3.zmdcdn.me/w240_r1x1_jpeg/cover/3/f/0/b/3f0b9eb53a3dc63d438702cfaaa4e3e3.jpg',NULL,248,'Hoa-Hồng-Đen-(Theme-Song-From-Chiếm-Đoạt).mp3','2023-11-16',NULL,'2023-11-28 02:30:23','2023-11-28 02:30:23'),(399,'Fireworks',1,NULL,'https://photo-resize-zmp3.zmdcdn.me/w240_r1x1_jpeg/cover/0/b/e/4/0be478829e3f00a44c5e94333fe1d703.jpg',NULL,191,'Fireworks.mp3','2023-11-14',NULL,'2023-11-28 02:30:23','2023-11-28 02:30:23'),(400,'Chill Kill',1,NULL,'https://photo-resize-zmp3.zmdcdn.me/w240_r1x1_jpeg/cover/3/5/6/9/3569d7bcf6bec45225dd69799d1e1439.jpg',NULL,215,'Chill-Kill.mp3','2023-11-13',NULL,'2023-11-28 02:30:23','2023-11-28 02:30:23'),(407,'Drama',1,NULL,'https://photo-resize-zmp3.zmdcdn.me/w240_r1x1_jpeg/cover/4/a/6/2/4a6285d9dc7269edf32dbde735f392c8.jpg',NULL,215,'Drama.mp3','2023-11-10',NULL,'2023-11-28 02:30:23','2023-11-28 02:30:23'),(408,'LALALALA',1,NULL,'https://photo-resize-zmp3.zmdcdn.me/w240_r1x1_jpeg/cover/7/8/6/e/786e86c39f9a1767ae9a2ebae62656e0.jpg',NULL,182,'LALALALA.mp3','2023-11-10',NULL,'2023-11-28 02:30:23','2023-11-28 02:30:23'),(414,'AGASSY',1,NULL,'https://photo-resize-zmp3.zmdcdn.me/w240_r1x1_jpeg/cover/1/5/f/4/15f47e4002e8b60edc0a71611aa94cd2.jpg',NULL,165,'AGASSY.mp3','2023-11-08',NULL,'2023-11-28 02:30:23','2023-11-28 02:30:23'),(415,'Bad News',1,NULL,'https://photo-resize-zmp3.zmdcdn.me/w240_r1x1_jpeg/cover/c/1/b/b/c1bbc8da4209493b3d05a56a7c68956a.jpg',NULL,160,'Bad-News.mp3','2023-11-08',NULL,'2023-11-28 02:30:23','2023-11-28 02:30:23'),(426,'Standing Next to You',1,NULL,'https://photo-resize-zmp3.zmdcdn.me/w240_r1x1_jpeg/cover/0/e/e/d/0eed1c94b722de71ca24cae604f1ab6c.jpg',NULL,206,'Standing-Next-to-You.mp3','2023-11-03',NULL,'2023-11-28 02:30:23','2023-11-28 02:30:23'),(429,'Screen Time (Feat. Hoshi of SEVENTEEN)',1,NULL,'https://photo-resize-zmp3.zmdcdn.me/w240_r1x1_jpeg/cover/3/9/6/3/3963d39169f7657c6888ab5ab1fb32d8.jpg',NULL,234,'Screen-Time-(Feat.-Hoshi-of-SEVENTEEN).mp3','2023-11-01',NULL,'2023-11-28 02:30:23','2023-11-28 02:30:23'),(437,'Như Giấc Mơ Dài (Original Soundtrack From \"Thạch Sanh Lý Thanh\")',1,NULL,'https://photo-resize-zmp3.zmdcdn.me/w240_r1x1_jpeg/cover/1/4/a/1/14a1ce15c0aa3774d750a570cb56f1fd.jpg',NULL,233,'Như-Giấc-Mơ-Dài-(Original-Soundtrack-From-\"Thạch-Sanh-Lý-Thanh\").mp3','2023-10-26',NULL,'2023-11-28 02:30:23','2023-11-28 02:30:23'),(696,'Closer to You (feat. Major Lazer)',1,NULL,'https://photo-resize-zmp3.zmdcdn.me/w240_r1x1_jpeg/cover/0/e/e/d/0eed1c94b722de71ca24cae604f1ab6c.jpg',NULL,171,'Closer-to-You-(feat.-Major-Lazer).mp3','2023-11-03',NULL,'2023-11-28 07:06:21','2023-11-28 07:45:22'),(698,'Please Don\'t Change (feat. DJ Snake)',1,NULL,'https://photo-resize-zmp3.zmdcdn.me/w240_r1x1_jpeg/cover/0/e/e/d/0eed1c94b722de71ca24cae604f1ab6c.jpg',NULL,147,'Please-Don\'t-Change-(feat.-DJ-Snake).mp3','2023-11-03',NULL,'2023-11-28 07:06:21','2023-11-28 07:45:42'),(720,'Túy Âm',1,NULL,'https://photo-resize-zmp3.zmdcdn.me/w240_r1x1_jpeg/covers/f/9/f9c0475ec02716554fba3f63e5b4ac37_1504991428.jpg',NULL,202,'Túy-Âm.mp3',NULL,NULL,'2023-11-28 07:06:21','2023-11-28 07:52:24'),(722,'05 (Không Phai) (Masew Remix)',1,NULL,'https://photo-resize-zmp3.zmdcdn.me/w240_r1x1_jpeg/cover/5/b/6/1/5b61a30f04aee798909d6357c6a56eaf.jpg',NULL,205,'05-(Không-Phai)-(Masew-Remix).mp3','2020-09-04',NULL,'2023-11-28 07:06:21','2023-11-28 07:52:59'),(726,'Anh Ơi Có Biết',1,NULL,'https://photo-resize-zmp3.zmdcdn.me/w240_r1x1_jpeg/cover/6/a/5/9/6a59441f3b80cfa97346c5384f9106a0.jpg',NULL,282,'Anh-Ơi-Có-Biết.mp3','2022-07-14',NULL,'2023-11-28 07:06:21','2023-11-28 07:54:00'),(729,'Xink',1,NULL,'https://photo-resize-zmp3.zmdcdn.me/w240_r1x1_jpeg/cover/d/6/7/2/d672354bdcf3b790f571ac93b66b6048.jpg',NULL,170,'Xink.mp3','2023-08-22',NULL,'2023-11-28 07:06:21','2023-11-28 07:55:03'),(739,'Cho Anh',1,NULL,'https://photo-resize-zmp3.zmdcdn.me/w240_r1x1_png/covers/5/f/5f80ec6625a8f0d1ab1ff2adac03be89_1518140782.png',NULL,285,'Cho-Anh.mp3',NULL,NULL,'2023-11-28 07:06:21','2023-11-28 07:58:21'),(740,'Hai Phút Hơn',1,NULL,'https://photo-resize-zmp3.zmdcdn.me/w240_r1x1_jpeg/cover/b/9/f/c/b9fc0bbb2e0dbaa9d3452d0602bc5da7.jpg',NULL,194,'Hai-Phút-Hơn.mp3','2020-02-29',NULL,'2023-11-28 07:06:21','2023-11-28 07:58:30'),(741,'Túy Họa',1,NULL,'https://photo-resize-zmp3.zmdcdn.me/w240_r1x1_jpeg/cover/1/d/4/6/1d46d727e000ef88ab6ac5dae963a59d.jpg',NULL,192,'Túy-Họa.mp3','2021-04-07',NULL,'2023-11-28 07:06:21','2023-11-28 07:58:41'),(742,'Khi Em Lớn (Remix)',1,NULL,'https://photo-resize-zmp3.zmdcdn.me/w240_r1x1_jpeg/cover/0/3/1/6/0316839c1e9fe407cfc300292d46bc20.jpg',NULL,338,'Khi-Em-Lớn-(Remix).mp3','2021-08-06',NULL,'2023-11-28 07:06:21','2023-11-28 07:58:53'),(743,'Em Hơi Mệt Với Bạn Thân Anh',1,NULL,'https://photo-resize-zmp3.zmdcdn.me/w240_r1x1_jpeg/cover/f/d/d/d/fdddee4892ad9ce58dd018f05f768017.jpg',NULL,184,'Em-Hơi-Mệt-Với-Bạn-Thân-Anh.mp3',NULL,NULL,'2023-11-28 07:06:21','2023-11-28 07:58:59'),(747,'Ngày Mai Em Đi (Touliver Mix)',1,NULL,'https://photo-resize-zmp3.zmdcdn.me/w240_r1x1_jpeg/covers/6/9/695bf88c1edaf82e0bd5e085716e5598_1501654149.jpg',NULL,218,'Ngày-Mai-Em-Đi-(Touliver-Mix).mp3',NULL,NULL,'2023-11-28 07:06:21','2023-11-28 07:59:29'),(749,'Hôm Nay Tôi Buồn (D.A Mix)',1,NULL,'https://photo-resize-zmp3.zmdcdn.me/w240_r1x1_png/covers/a/1/a19ddbe22afc139c538bfca41cea40ad_1520479624.png',NULL,250,'Hôm-Nay-Tôi-Buồn-(D.A-Mix).mp3',NULL,NULL,'2023-11-28 07:06:21','2023-11-28 08:00:02'),(751,'Quên Anh Đi',1,NULL,'https://photo-resize-zmp3.zmdcdn.me/w240_r1x1_jpeg/cover/c/1/8/1/c18172ee465f93e9bea8a488dbb246ca.jpg',NULL,226,'Quên-Anh-Đi.mp3',NULL,NULL,'2023-11-28 07:06:21','2023-11-28 08:00:23'),(752,'Vô Tình',1,NULL,'https://photo-resize-zmp3.zmdcdn.me/w240_r1x1_jpeg/cover/7/9/8/5/798559c5b7d028c351d34a37c7a598cc.jpg',NULL,274,'Vô-Tình.mp3',NULL,NULL,'2023-11-28 07:06:21','2023-11-28 08:00:37'),(753,'With You (Ngẫu Hứng)',1,NULL,'https://photo-resize-zmp3.zmdcdn.me/w240_r1x1_jpeg/cover/5/b/7/f/5b7f40008d5766a2e822b7b0dbb24428.jpg',NULL,167,'With-You-(Ngẫu-Hứng).mp3','2020-09-25',NULL,'2023-11-28 07:06:21','2023-11-28 08:00:42'),(760,'Phố Đã Lên Đèn (Masew Remix)',1,NULL,'https://photo-resize-zmp3.zmdcdn.me/w240_r1x1_jpeg/cover/9/7/8/d/978d12830c18df95c26e93e658019166.jpg',NULL,189,'Phố-Đã-Lên-Đèn-(Masew-Remix).mp3','2021-07-21',NULL,'2023-11-28 07:06:21','2023-11-28 08:01:59'),(766,'Fast Forward',1,NULL,'https://photo-resize-zmp3.zmdcdn.me/w240_r1x1_jpeg/cover/c/5/9/3/c593dfdbdec8546e1fce60c2a16b0aae.jpg',NULL,161,'Fast-Forward.mp3','2023-08-07',NULL,'2023-11-28 07:06:21','2023-11-28 08:02:42'),(767,'Picture',1,NULL,'https://photo-resize-zmp3.zmdcdn.me/w240_r1x1_jpeg/cover/f/7/c/0/f7c0953f34bfb0f9861765e551eebe31.jpg',NULL,198,'Picture.mp3','2023-08-22',NULL,'2023-11-28 07:06:21','2023-11-28 08:02:48'),(768,'All Eyes On Me',1,NULL,'https://photo-resize-zmp3.zmdcdn.me/w240_r1x1_jpeg/cover/f/3/a/f/f3af71df0b7a68ec44955faa5dc7d0ce.jpg',NULL,164,'All-Eyes-On-Me.mp3','2023-03-31',NULL,'2023-11-28 07:06:21','2023-11-28 08:02:53'),(769,'Without You',1,NULL,'https://photo-resize-zmp3.zmdcdn.me/w240_r1x1_jpeg/cover/0/e/f/8/0ef832198a42f174a3c607bd8834ff77.jpg',NULL,210,'Without-You.mp3','2023-04-10',NULL,'2023-11-28 07:06:21','2023-11-28 08:03:09'),(770,'SLAY',1,NULL,'https://photo-resize-zmp3.zmdcdn.me/w240_r1x1_jpeg/cover/e/e/d/a/eedab3112cff4e1ed5c592b47a060f74.jpg',NULL,221,'SLAY.mp3','2023-08-18',NULL,'2023-11-28 07:06:21','2023-11-28 08:03:23'),(771,'Euphoria',1,NULL,'https://photo-resize-zmp3.zmdcdn.me/w240_r1x1_jpeg/cover/2/3/1/8/2318c6bff7bf44bd33c8dfe7159108c3.jpg',NULL,229,'Euphoria.mp3','2018-08-24',NULL,'2023-11-28 07:06:21','2023-11-28 08:03:32'),(772,'RUN2U',1,NULL,'https://photo-resize-zmp3.zmdcdn.me/w240_r1x1_jpeg/cover/2/9/6/0/2960cb76b89560107f2f7a15a10f283c.jpg',NULL,214,'RUN2U.mp3','2022-02-21',NULL,'2023-11-28 07:06:21','2023-11-28 08:03:43'),(773,'Kill This Love',1,NULL,'https://photo-resize-zmp3.zmdcdn.me/w240_r1x1_jpeg/cover/d/0/2/9/d02919e0aa02332be290af46a90072b8.jpg',NULL,189,'Kill-This-Love.mp3','2019-04-05',NULL,'2023-11-28 07:06:21','2023-11-28 08:03:51'),(774,'VingleVingle (Prod. R.Tee)',1,NULL,'https://photo-resize-zmp3.zmdcdn.me/w240_r1x1_jpeg/cover/8/c/d/f/8cdff92c826fd8bb3073a0fe1961a4a5.jpg',NULL,181,'VingleVingle-(Prod.-R.Tee).mp3','2023-04-05',NULL,'2023-11-28 07:06:21','2023-11-28 08:04:03'),(775,'BONA BONA',1,NULL,'https://photo-resize-zmp3.zmdcdn.me/w240_r1x1_jpeg/cover/f/6/2/9/f629f3af1289a5913f4a1adab5e5e5ab.jpg',NULL,213,'BONA-BONA.mp3','2023-07-28',NULL,'2023-11-28 07:06:21','2023-11-28 08:04:10'),(776,'ERASE ME',1,NULL,'https://photo-resize-zmp3.zmdcdn.me/w240_r1x1_jpeg/cover/3/e/1/2/3e125aa47358de0927f46fb078bfb889.jpg',NULL,190,'ERASE-ME.mp3','2023-05-08',NULL,'2023-11-28 07:06:21','2023-11-28 08:04:17'),(777,'BBoom BBoom',1,NULL,'https://photo-resize-zmp3.zmdcdn.me/w240_r1x1_jpeg/cover/3/0/e/a/30ea3cc46512569d3abdaf9e50daddd4.jpg',NULL,209,'BBoom-BBoom.mp3','2018-01-03',NULL,'2023-11-28 07:06:21','2023-11-28 08:04:32'),(778,'Catch Me If You Can (Korean Version)',1,NULL,'https://photo-resize-zmp3.zmdcdn.me/w240_r1x1_jpeg/cover/a/6/d/5/a6d52735d8f29531929b958e5da22359.jpg',NULL,225,'Catch-Me-If-You-Can-(Korean-Version).mp3','2016-02-05',NULL,'2023-11-28 07:06:21','2023-11-28 08:04:42'),(779,'ROYAL',1,NULL,'https://photo-resize-zmp3.zmdcdn.me/w240_r1x1_jpeg/cover/a/1/9/5/a19598d3185dda7923f9781ce9b733e8.jpg',NULL,206,'ROYAL.mp3','2022-04-05',NULL,'2023-11-28 07:06:21','2023-11-28 08:04:57'),(780,'MORE & MORE',1,NULL,'https://photo-resize-zmp3.zmdcdn.me/w240_r1x1_jpeg/cover/d/0/5/8/d0586851b00fa79e3e8efa85f6da2c13.jpg',NULL,200,'MORE-&-MORE.mp3','2020-01-01',NULL,'2023-11-28 07:06:21','2023-11-28 08:05:12'),(781,'Energetic',1,NULL,'https://photo-resize-zmp3.zmdcdn.me/w240_r1x1_jpeg/cover/2/8/4/2/28423e25c0685e74ce405759bbfc577c.jpg',NULL,189,'Energetic.mp3','2017-11-12',NULL,'2023-11-28 07:06:21','2023-11-28 08:05:18'),(782,'Secret Story of the Swan',1,NULL,'https://photo-resize-zmp3.zmdcdn.me/w240_r1x1_jpeg/cover/b/9/7/7/b9770ff20fb8a5b57ba198a09790866b.jpg',NULL,192,'Secret-Story-of-the-Swan.mp3','2020-01-01',NULL,'2023-11-28 07:06:21','2023-11-28 08:05:26'),(783,'Nostalgia',1,NULL,'https://photo-resize-zmp3.zmdcdn.me/w240_r1x1_jpeg/cover/0/c/7/b/0c7b855fe69588c2c55c4a2d7088b04c.jpg',NULL,186,'Nostalgia.mp3','2023-03-06',NULL,'2023-11-28 07:06:21','2023-11-28 08:05:32'),(784,'You and I',1,NULL,'https://photo-resize-zmp3.zmdcdn.me/w240_r1x1_jpeg/cover/3/e/a/8/3ea8190e1a4dd199b558273619db893d.jpg',NULL,188,'You-and-I.mp3','2022-03-14',NULL,'2023-11-28 07:06:21','2023-11-28 08:05:37'),(785,'Save Me',1,NULL,'https://photo-resize-zmp3.zmdcdn.me/w240_r1x1_jpeg/cover/8/0/7/a/807a09b0c65d9bfb8161aca90d988cae.jpg',NULL,197,'Save-Me.mp3','2017-09-01',NULL,'2023-11-28 07:06:21','2023-11-28 08:05:49'),(786,'Gashina',1,NULL,'https://photo-resize-zmp3.zmdcdn.me/w240_r1x1_jpeg/cover/5/4/a/f/54af5647f24bbf7e7d4719ed6789fbe0.jpg',NULL,180,'Gashina.mp3','2017-08-22',NULL,'2023-11-28 07:06:21','2023-11-28 08:05:56'),(787,'HIT',1,NULL,'https://photo-resize-zmp3.zmdcdn.me/w240_r1x1_jpeg/cover/d/6/d/8/d6d8e32e11bc456a988034b61bbc9e93.jpg',NULL,204,'HIT.mp3','2019-09-16',NULL,'2023-11-28 07:06:21','2023-11-28 08:06:02'),(788,'Butterfly',1,NULL,'https://photo-resize-zmp3.zmdcdn.me/w240_r1x1_jpeg/cover/1/3/2/6/13260eed7d7e4ee1d47a2896c3f22d6c.jpg',NULL,238,'Butterfly.mp3','2019-02-19',NULL,'2023-11-28 07:06:21','2023-11-28 08:06:07'),(789,'Whale',1,NULL,'https://photo-resize-zmp3.zmdcdn.me/w240_r1x1_jpeg/cover/7/5/0/5/750533891572e3fc42136ddc0b0be7fb.jpg',NULL,184,'Whale.mp3','2023-07-18',NULL,'2023-11-28 07:06:21','2023-11-28 08:06:13'),(790,'P.O.W! (Play On the World)',1,NULL,'https://photo-resize-zmp3.zmdcdn.me/w240_r1x1_jpeg/cover/4/7/4/e/474e1f25dc4995bc80bed49b5689027a.jpg',NULL,194,'P.O.W!-(Play-On-the-World).mp3','2023-03-07',NULL,'2023-11-28 07:06:21','2023-11-28 08:06:18'),(791,'GOOD BOY',1,NULL,'https://photo-resize-zmp3.zmdcdn.me/w240_r1x1_jpeg/cover/5/0/f/9/50f93fa0582ad1d5cccacf01a9d9da25.jpg',NULL,245,'GOOD-BOY.mp3','2014-11-20',NULL,'2023-11-28 07:06:21','2023-11-28 08:06:32'),(792,'PING PONG',1,NULL,'https://photo-resize-zmp3.zmdcdn.me/w240_r1x1_jpeg/cover/8/4/8/4/848443df814fdacb5582919113712a85.jpg',NULL,158,'PING-PONG.mp3','2021-09-09',NULL,'2023-11-28 07:06:21','2023-11-28 08:06:41'),(793,'I\'m Not Cool',1,NULL,'https://photo-resize-zmp3.zmdcdn.me/w240_r1x1_jpeg/cover/d/f/6/3/df634412fcb2fb5872e011e5420167db.jpg',NULL,174,'I\'m-Not-Cool.mp3','2021-02-03',NULL,'2023-11-28 07:06:21','2023-11-28 08:06:48'),(794,'I CAN\'T STOP ME',1,NULL,'https://photo-resize-zmp3.zmdcdn.me/w240_r1x1_jpeg/cover/9/a/0/e/9a0ede1ea095b8c278add67ca0ad7ecb.jpg',NULL,205,'I-CAN\'T-STOP-ME.mp3','2020-01-01',NULL,'2023-11-28 07:06:21','2023-11-28 08:06:57'),(795,'REALLY REALLY',1,NULL,'https://photo-resize-zmp3.zmdcdn.me/w240_r1x1_jpeg/cover/d/0/a/d/d0ad9be7008f444f6c67c1da65d340e3.jpg',NULL,203,'REALLY-REALLY.mp3','2017-04-03',NULL,'2023-11-28 07:06:21','2023-11-28 08:07:03'),(796,'Burn It Up',1,NULL,'https://photo-resize-zmp3.zmdcdn.me/w240_r1x1_jpeg/cover/2/8/4/2/28423e25c0685e74ce405759bbfc577c.jpg',NULL,215,'Burn-It-Up.mp3','2017-11-12',NULL,'2023-11-28 07:06:21','2023-11-28 08:07:15'),(797,'Rumor',1,NULL,'https://photo-resize-zmp3.zmdcdn.me/w240_r1x1_jpeg/cover/d/8/7/d/d87db297828ba615eeccf3189b425200.jpg',NULL,197,'Rumor.mp3','2018-08-18',NULL,'2023-11-28 07:06:21','2023-11-28 08:07:21'),(798,'Ko Ko Bop',1,NULL,'https://photo-resize-zmp3.zmdcdn.me/w240_r1x1_jpeg/cover/6/1/2/e/612e0c3c823c00cdba42f72acae39d3e.jpg',NULL,195,'Ko-Ko-Bop.mp3','2017-07-18',NULL,'2023-11-28 07:06:21','2023-11-28 08:07:32'),(799,'So What',1,NULL,'https://photo-resize-zmp3.zmdcdn.me/w240_r1x1_jpeg/cover/f/7/a/2/f7a206dbaed07fb9a2ee319f3bc8ff8b.jpg',NULL,198,'So-What.mp3','2020-02-05',NULL,'2023-11-28 07:06:21','2023-11-28 08:07:42'),(800,'Bomb Bomb',1,NULL,'https://photo-resize-zmp3.zmdcdn.me/w240_r1x1_jpeg/cover/9/6/d/2/96d277f8ddc8e358d61e37a0020545fe.jpg',NULL,164,'Bomb-Bomb.mp3','2019-03-29',NULL,'2023-11-28 07:06:21','2023-11-28 08:07:48'),(801,'Why Not?',1,NULL,'https://photo-resize-zmp3.zmdcdn.me/w240_r1x1_jpeg/cover/c/4/e/e/c4ee78cddd114556a188655e311dfd95.jpg',NULL,206,'Why-Not?.mp3','2020-11-20',NULL,'2023-11-28 07:06:21','2023-11-28 08:07:58'),(802,'4 Walls',1,NULL,'https://photo-resize-zmp3.zmdcdn.me/w240_r1x1_jpeg/cover/4/9/1/9/4919f605d0b064e17566466b9e8ce387.jpg',NULL,210,'4-Walls.mp3','2015-10-27',NULL,'2023-11-28 07:06:21','2023-11-28 08:08:03'),(803,'Oh NaNa (Hidden. HUR YOUNG JI)',1,NULL,'https://photo-resize-zmp3.zmdcdn.me/w240_r1x1_jpeg/cover/f/0/0/1/f001d2b63dd87a505255b12f8434a887.jpg',NULL,207,'Oh-NaNa-(Hidden.-HUR-YOUNG-JI).mp3','2016-12-13',NULL,'2023-11-28 07:06:21','2023-11-28 08:08:12'),(804,'BOOMBAYAH',1,NULL,'https://photo-resize-zmp3.zmdcdn.me/w240_r1x1_jpeg/cover/f/8/4/5/f8456a22c05f9b96e0e832ae0b643bf0.jpg',NULL,241,'BOOMBAYAH.mp3','2016-08-07',NULL,'2023-11-28 07:06:21','2023-11-28 08:08:18'),(805,'BAAM',1,NULL,'https://photo-resize-zmp3.zmdcdn.me/w240_r1x1_jpeg/cover/1/6/9/7/16977c30db143965725dc8def1f677f2.jpg',NULL,208,'BAAM.mp3','2018-06-26',NULL,'2023-11-28 07:06:21','2023-11-28 08:08:23'),(806,'Hate',1,NULL,'https://photo-resize-zmp3.zmdcdn.me/w240_r1x1_jpeg/cover/0/b/0/9/0b09e360a615ee1f58a6cde048e807dc.jpg',NULL,216,'Hate.mp3','2018-02-20',NULL,'2023-11-28 07:06:21','2023-11-28 08:08:32'),(807,'DINOSAUR',1,NULL,'https://photo-resize-zmp3.zmdcdn.me/w240_r1x1_jpeg/cover/c/3/7/a/c37a190fe1dbd2d1197b243b9e38c004.jpg',NULL,241,'DINOSAUR.mp3','2020-07-03',NULL,'2023-11-28 07:06:21','2023-11-28 08:08:39'),(808,'WHERE YOU AT',1,NULL,'https://photo-resize-zmp3.zmdcdn.me/w240_r1x1_jpeg/cover/2/7/1/3/271359ec2915a084720f8ad1f0b5b1fd.jpg',NULL,190,'WHERE-YOU-AT.mp3','2017-10-10',NULL,'2023-11-28 07:06:21','2023-11-28 08:08:44'),(809,'PLAYING WITH FIRE',1,NULL,'https://photo-resize-zmp3.zmdcdn.me/w240_r1x1_jpeg/cover/5/4/2/5/54257d92fe87a1f2a87f1d1a8f49bc30.jpg',NULL,197,'PLAYING-WITH-FIRE.mp3','2016-10-31',NULL,'2023-11-28 07:06:21','2023-11-28 08:08:52'),(810,'Dope',1,NULL,'https://photo-resize-zmp3.zmdcdn.me/w240_r1x1_jpeg/cover/d/b/8/1/db81e0fd7985352c32dc039d80ce5654.jpg',NULL,240,'Dope.mp3','2017-09-01',NULL,'2023-11-28 07:06:21','2023-11-28 08:08:59'),(811,'Why',1,NULL,'https://photo-resize-zmp3.zmdcdn.me/w240_r1x1_jpeg/cover/f/d/4/1/fd412c0cc250fba3c94276115ed71344.jpg',NULL,247,'Why.mp3','2016-06-28',NULL,'2023-11-28 07:06:21','2023-11-28 08:09:06'),(812,'All Mine',1,NULL,'https://photo-resize-zmp3.zmdcdn.me/w240_r1x1_jpeg/cover/b/8/b/7/b8b787bfe683e9aa38bd2bffe4642860.jpg',NULL,220,'All-Mine.mp3','2016-07-22',NULL,'2023-11-28 07:06:21','2023-11-28 08:09:13'),(813,'Adios',1,NULL,'https://photo-resize-zmp3.zmdcdn.me/w240_r1x1_jpeg/cover/1/d/f/0/1df00cd71ca42a6005e7984f1dfd26bf.jpg',NULL,189,'Adios.mp3','2019-08-18',NULL,'2023-11-28 07:06:21','2023-11-28 08:09:18'),(819,'Hoa Hồng Đen (Theme Song From \"Chiếm Đoạt\") (Remix)',1,NULL,'https://photo-resize-zmp3.zmdcdn.me/w240_r1x1_jpeg/cover/8/e/1/7/8e17d3e8f82a83645b43ad61a89abfae.jpg',NULL,211,'Hoa-Hồng-Đen-(Theme-Song-From-\"Chiếm-Đoạt\")-(Remix).mp3','2023-11-23',NULL,'2023-11-28 07:06:21','2023-11-28 08:10:02'),(821,'Có Chắc Yêu Là Đây (Remix)',1,NULL,'https://photo-resize-zmp3.zmdcdn.me/w240_r1x1_jpeg/cover/9/4/c/a/94ca60a9619bfba5cb98d3745e815bc0.jpg',NULL,226,'Có-Chắc-Yêu-Là-Đây-(Remix).mp3','2023-09-29',NULL,'2023-11-28 07:06:21','2023-11-28 08:10:23'),(823,'Nơi Này Có Anh (Remix)',1,NULL,'https://photo-resize-zmp3.zmdcdn.me/w240_r1x1_jpeg/cover/1/3/e/2/13e2daa9989d293f36584e12c803d1f5.jpg',NULL,215,'Nơi-Này-Có-Anh-(Remix).mp3','2023-09-15',NULL,'2023-11-28 07:06:21','2023-11-28 08:10:35'),(824,'Muộn Rồi Mà Sao Còn (Remix)',1,NULL,'https://photo-resize-zmp3.zmdcdn.me/w240_r1x1_jpeg/cover/a/d/8/f/ad8f54e0a77a05fd752697b066bf7ada.jpg',NULL,446,'Muộn-Rồi-Mà-Sao-Còn-(Remix).mp3','2023-09-08',NULL,'2023-11-28 07:06:21','2023-11-28 08:10:45'),(829,'Việt Kiều Đi Vào Club (Duy Tuan Remix)',1,NULL,'https://photo-resize-zmp3.zmdcdn.me/w240_r1x1_jpeg/cover/1/4/2/a/142ac1741d6c5ea32a9e7f6cd9fd0c76.jpg',NULL,157,'Việt-Kiều-Đi-Vào-Club-(Duy-Tuan-Remix).mp3','2023-07-10',NULL,'2023-11-28 07:06:21','2023-11-28 08:11:13'),(831,'Ngõ Chạm (Kriss Ngo Remix)',1,NULL,'https://photo-resize-zmp3.zmdcdn.me/w240_r1x1_jpeg/banner/e/3/f/7/e3f729f3d5e32403bb3d61740f85d692.jpg',NULL,217,'Ngõ-Chạm-(Kriss-Ngo-Remix).mp3','2023-08-19',NULL,'2023-11-28 07:06:21','2023-11-28 08:11:30'),(836,'Tất cả sẽ thay em (Lasonas Team Remix)',1,NULL,'https://photo-resize-zmp3.zmdcdn.me/w240_r1x1_jpeg/cover/8/4/b/f/84bf18f433b50aa5dfe32f7680d8ef41.jpg',NULL,364,'Tất-cả-sẽ-thay-em-(Lasonas-Team-Remix).mp3','2023-10-03',NULL,'2023-11-28 07:06:21','2023-11-28 08:12:18'),(840,'Là Do Em Xui Thôi (Remix Version)',1,NULL,'https://photo-resize-zmp3.zmdcdn.me/w240_r1x1_jpeg/cover/2/d/b/9/2db9e528d384cb7a9d49af1261d1560d.jpg',NULL,205,'Là-Do-Em-Xui-Thôi-(Remix-Version).mp3','2022-02-08',NULL,'2023-11-28 07:06:21','2023-11-28 08:12:53'),(842,'Thị Mầu (Diijam Remix By VAVH)',1,NULL,'https://photo-resize-zmp3.zmdcdn.me/w240_r1x1_jpeg/banner/0/9/9/3/09933293840684ea09f57d90241ed2f3.jpg',NULL,200,'Thị-Mầu-(Diijam-Remix-By-VAVH).mp3','2023-04-15',NULL,'2023-11-28 07:06:21','2023-11-28 08:13:05'),(850,'Khi Người Mình Yêu Khóc (Vinz Remix)',1,NULL,'https://photo-resize-zmp3.zmdcdn.me/w240_r1x1_jpeg/cover/1/1/d/c/11dce566acdabc574570c06909379ef3.jpg',NULL,172,'Khi-Người-Mình-Yêu-Khóc-(Vinz-Remix).mp3','2023-03-08',NULL,'2023-11-28 07:06:21','2023-11-28 08:14:19'),(853,'Falling In Love (Nguyễn Hoàng Remix)',1,NULL,'https://photo-resize-zmp3.zmdcdn.me/w240_r1x1_jpeg/cover/4/b/e/7/4be768b493e34edfa59848220d24d8a0.jpg',NULL,270,'Falling-In-Love-(Nguyễn-Hoàng-Remix).mp3','2023-01-27',NULL,'2023-11-28 07:06:21','2023-11-28 08:15:01'),(857,'Quả Phụ Tướng (SinKra Remix)',1,NULL,'https://photo-resize-zmp3.zmdcdn.me/w240_r1x1_jpeg/cover/5/4/b/8/54b8bc87ad59ae3afdd8ef5ad22274cd.jpg',NULL,184,'Quả-Phụ-Tướng-(SinKra-Remix).mp3','2023-01-21',NULL,'2023-11-28 07:06:21','2023-11-28 08:15:42'),(859,'Ôi Tình Yêu (Haozi Remix)',1,NULL,'https://photo-resize-zmp3.zmdcdn.me/w240_r1x1_jpeg/cover/b/d/f/c/bdfc2ae5d285021edfe8a9e1c1f12b0f.jpg',NULL,222,'Ôi-Tình-Yêu-(Haozi-Remix).mp3','2023-01-15',NULL,'2023-11-28 07:06:21','2023-11-28 08:15:57'),(880,'Không Bằng (Cukak Remix)',1,NULL,'https://photo-resize-zmp3.zmdcdn.me/w240_r1x1_jpeg/avatars/f/a/b/c/fabcffe864c90a33221b4809a6d1eb2e.jpg',NULL,183,'Không-Bằng-(Cukak-Remix).mp3','2021-11-27',NULL,'2023-11-28 07:06:21','2023-11-28 08:20:55'),(885,'Vì Si Mê (Vinahouse) (Ness Remix)',1,NULL,'https://photo-resize-zmp3.zmdcdn.me/w240_r1x1_jpeg/cover/b/1/6/5/b1658071bb96a220fe4ca794cd613b54.jpg',NULL,335,'Vì-Si-Mê-(Vinahouse)-(Ness-Remix).mp3','2023-05-16',NULL,'2023-11-28 07:06:21','2023-11-28 08:21:49'),(923,'Falling In Love (Phong Max Remix)',1,NULL,'https://photo-resize-zmp3.zmdcdn.me/w240_r1x1_jpeg/cover/1/0/f/7/10f788ce19532a47e18a33b06ab4055f.jpg',NULL,203,'Falling-In-Love-(Phong-Max-Remix).mp3','2023-01-10',NULL,'2023-11-28 07:06:21','2023-11-28 08:27:55'),(925,'Hạ Đầu Tam Bái (SinKra Remix)',1,NULL,'https://photo-resize-zmp3.zmdcdn.me/w240_r1x1_jpeg/cover/7/8/0/c/780c20c04935e6b85de2970282c78a9d.jpg',NULL,250,'Hạ-Đầu-Tam-Bái-(SinKra-Remix).mp3','2023-07-02',NULL,'2023-11-28 07:06:21','2023-11-28 08:28:20'),(938,'Tướng Quân (Remix)',1,NULL,'https://photo-resize-zmp3.zmdcdn.me/w240_r1x1_jpeg/cover/d/4/0/2/d40297d06db53b9b4659de0dd59a3399.jpg',NULL,260,'Tướng-Quân-(Remix).mp3',NULL,NULL,'2023-11-28 07:06:21','2023-11-28 08:33:15'),(940,'Giờ Không Cưới Thì Nào Cưới (Remix)',1,NULL,'https://photo-resize-zmp3.zmdcdn.me/w240_r1x1_jpeg/cover/9/8/f/c/98fc2c153f56699fe922d93ce8ecdbc7.jpg',NULL,156,'Giờ-Không-Cưới-Thì-Nào-Cưới-(Remix).mp3','2023-10-16',NULL,'2023-11-28 07:06:21','2023-11-28 08:33:45'),(942,'Tất Cả Sẽ Thay Em (Nam Con Remix)',1,NULL,'https://photo-resize-zmp3.zmdcdn.me/w240_r1x1_jpeg/cover/3/c/8/3/3c8318bb1c3df2b6482888f2a47cfe88.jpg',NULL,216,'Tất-Cả-Sẽ-Thay-Em-(Nam-Con-Remix).mp3','2023-09-14',NULL,'2023-11-28 07:06:21','2023-11-28 08:34:19'),(948,'Kỳ Vọng Sai Lầm (MK Remix)',1,NULL,'https://photo-resize-zmp3.zmdcdn.me/w240_r1x1_jpeg/cover/8/5/e/2/85e2024ec0cc9e44d6929811bc7e20ee.jpg',NULL,363,'Kỳ-Vọng-Sai-Lầm-(MK-Remix).mp3','2023-03-19',NULL,'2023-11-28 07:06:21','2023-11-28 08:35:57'),(955,'Mây Phương Nam (SinKra Remix)',1,NULL,'https://photo-resize-zmp3.zmdcdn.me/w240_r1x1_jpeg/cover/d/b/4/1/db41f514e5795980bac6a513c3c42265.jpg',NULL,273,'Mây-Phương-Nam-(SinKra-Remix).mp3','2023-03-01',NULL,'2023-11-28 07:06:21','2023-11-28 08:39:22'),(973,'Trò Chơi (Dsmall Remix)',1,NULL,'https://photo-resize-zmp3.zmdcdn.me/w240_r1x1_jpeg/cover/d/6/4/c/d64cd010262462845d2c9f0124ef6a6c.jpg',NULL,206,'Trò-Chơi-(Dsmall-Remix).mp3','2021-02-22',NULL,'2023-11-28 07:06:21','2023-11-28 08:45:17'),(981,'Vì Yêu Cứ Đâm Đầu (DJ DSmall Remix)',1,NULL,'https://photo-resize-zmp3.zmdcdn.me/w240_r1x1_jpeg/cover/8/c/6/8/8c686e0baae0a501960f0457d49c4ce0.jpg',NULL,259,'Vì-Yêu-Cứ-Đâm-Đầu-(DJ-DSmall-Remix).mp3','2020-02-13',NULL,'2023-11-28 07:06:21','2023-11-28 08:49:24'),(983,'Rượu Đầy Tràn Ly (K-ICM Remix)',1,NULL,'https://photo-resize-zmp3.zmdcdn.me/w240_r1x1_jpeg/cover/7/6/2/2/7622a12485df74d93a0af904654ce490.jpg',NULL,201,'Rượu-Đầy-Tràn-Ly-(K-ICM-Remix).mp3','2021-07-27',NULL,'2023-11-28 07:06:21','2023-11-28 08:50:12'),(984,'Em Hát Ai Nghe (D.A Remix)',1,NULL,'https://photo-resize-zmp3.zmdcdn.me/w240_r1x1_jpeg/cover/e/4/a/a/e4aa1053219b8519b8b4dc844c320a9e.jpg',NULL,330,'Em-Hát-Ai-Nghe-(D.A-Remix).mp3','2021-08-26',NULL,'2023-11-28 07:06:21','2023-11-28 08:50:36'),(987,'Thằng Điên (DJ DSmall Remix)',1,NULL,'https://photo-resize-zmp3.zmdcdn.me/w240_r1x1_jpeg/cover/a/c/1/f/ac1f3f4e016f9c5abc58c9bebf414a57.jpg',NULL,267,'Thằng-Điên-(DJ-DSmall-Remix).mp3',NULL,NULL,'2023-11-28 07:06:21','2023-11-28 08:51:42'),(988,'Cần Gì Hơn (Teddy Doox Remix)',1,NULL,'https://photo-resize-zmp3.zmdcdn.me/w240_r1x1_jpeg/cover/6/c/6/8/6c6827d68609bd120aad83c19f79082e.jpg',NULL,152,'Cần-Gì-Hơn-(Teddy-Doox-Remix).mp3','2020-03-20',NULL,'2023-11-28 07:06:21','2023-11-28 08:52:03'),(989,'Thị Mầu (Diijam Remix By Future)',1,NULL,'https://photo-resize-zmp3.zmdcdn.me/w240_r1x1_jpeg/banner/c/0/3/6/c036718bdd3725ce851fa6f0329ec9b3.jpg',NULL,196,'Thị-Mầu-(Diijam-Remix-By-Future).mp3','2023-04-21',NULL,'2023-11-28 07:06:21','2023-11-28 08:52:15'),(996,'Cứ Thế Rời Xa (Remix)',1,NULL,'https://photo-resize-zmp3.zmdcdn.me/w240_r1x1_jpeg/cover/9/1/5/4/9154d104178911ba28ba43cedc056742.jpg',NULL,185,'Cứ-Thế-Rời-Xa-(Remix).mp3','2020-11-12',NULL,'2023-11-28 07:06:21','2023-11-28 08:54:57'),(997,'Cần Gì Hơn (DSmall Remix)',1,NULL,'https://photo-resize-zmp3.zmdcdn.me/w240_r1x1_jpeg/cover/b/c/1/3/bc13a41527f88fe72b851e0e3990863f.jpg',NULL,183,'Cần-Gì-Hơn-(DSmall-Remix).mp3','2020-03-20',NULL,'2023-11-28 07:06:21','2023-11-28 08:55:17'),(999,'Có Em Chờ (Remix)',1,NULL,'https://photo-resize-zmp3.zmdcdn.me/w240_r1x1_jpeg/covers/6/f/6f73923346d087efb494006778aeaf87_1498203818.jpg',NULL,294,'Có-Em-Chờ-(Remix).mp3',NULL,NULL,'2023-11-28 07:06:21','2023-11-28 08:56:28'),(1029,'Bạn Ơi (Lật Mặt 6: Tấm Vé Định Mệnh OST)',1,NULL,'https://photo-resize-zmp3.zmdcdn.me/w240_r1x1_jpeg/cover/2/b/3/1/2b31c0125774dba69487e2cb17a111ce.jpg',NULL,288,'Bạn-Ơi-(Lật-Mặt-6:-Tấm-Vé-Định-Mệnh-OST).mp3','2023-04-14',NULL,'2023-11-28 07:06:21','2023-11-28 09:08:43'),(1030,'Dừng Lại Một Phút (Original Soundtrack From \"35 Phút Cuộc Đời Tôi\")',1,NULL,'https://photo-resize-zmp3.zmdcdn.me/w240_r1x1_jpeg/cover/8/d/5/3/8d53b5fd91dba3bc53299d33fad6e7cd.jpg',NULL,262,'Dừng-Lại-Một-Phút-(Original-Soundtrack-From-\"35-Phút-Cuộc-Đời-Tôi\").mp3','2023-06-17',NULL,'2023-11-28 07:06:21','2023-11-28 09:09:19'),(1031,'Được Là Chính Mình (Original Soundtrack From \"02 Giờ Còn Lại\")',1,NULL,'https://photo-resize-zmp3.zmdcdn.me/w240_r1x1_jpeg/cover/1/a/8/0/1a80da01b8b86fa89d61b6c3773b66e4.jpg',NULL,289,'Được-Là-Chính-Mình-(Original-Soundtrack-From-\"02-Giờ-Còn-Lại\").mp3','2023-07-14',NULL,'2023-11-28 07:06:21','2023-11-28 09:09:54'),(1033,'Happy In Love (Đừng Làm Mẹ Cáu OST)',1,NULL,'https://photo-resize-zmp3.zmdcdn.me/w240_r1x1_jpeg/cover/e/b/a/4/eba4033a426f4fc945f28e26c25e9296.jpg',NULL,307,'Happy-In-Love-(Đừng-Làm-Mẹ-Cáu-OST).mp3','2023-03-20',NULL,'2023-11-28 07:06:21','2023-11-28 09:10:35'),(1035,'A Í A (Cuộc Đời Vẫn Đẹp Sao OST)',1,NULL,'https://photo-resize-zmp3.zmdcdn.me/w240_r1x1_jpeg/cover/1/a/6/d/1a6d96df37afab6683160ccd052699fa.jpg',NULL,279,'A-Í-A-(Cuộc-Đời-Vẫn-Đẹp-Sao-OST).mp3','2023-07-13',NULL,'2023-11-28 07:06:21','2023-11-28 09:11:01'),(1036,'Một Bước Vô Tình (Hạnh Phúc Máu OST)',1,NULL,'https://photo-resize-zmp3.zmdcdn.me/w240_r1x1_jpeg/cover/4/b/d/2/4bd260f588994115af7757ca57d82e3b.jpg',NULL,233,'Một-Bước-Vô-Tình-(Hạnh-Phúc-Máu-OST).mp3','2022-11-26',NULL,'2023-11-28 07:06:21','2023-11-28 09:11:11'),(1037,'Con Chưa Kịp Nói (OST Vong Nhi)',1,NULL,'https://photo-resize-zmp3.zmdcdn.me/w240_r1x1_jpeg/cover/3/5/e/5/35e597eea08f582e9141dbdbcfd2714d.jpg',NULL,206,'Con-Chưa-Kịp-Nói-(OST-Vong-Nhi).mp3','2023-02-02',NULL,'2023-11-28 07:06:21','2023-11-28 09:11:19'),(1038,'Rồi Mình Sẽ Gặp Nhau (Mười: Lời Nguyền Trở Lại Original Soundtrack)',1,NULL,'https://photo-resize-zmp3.zmdcdn.me/w240_r1x1_jpeg/cover/b/3/e/c/b3ec05e1dcbb4d3a0a5e934627024b2b.jpg',NULL,245,'Rồi-Mình-Sẽ-Gặp-Nhau-(Mười:-Lời-Nguyền-Trở-Lại-Original-Soundtrack).mp3','2022-10-04',NULL,'2023-11-28 07:06:21','2023-11-28 09:11:30'),(1039,'Dừng Lại Và Quên Thôi (Original Soundtrack From \"Kẻ Độc Hành\")',1,NULL,'https://photo-resize-zmp3.zmdcdn.me/w240_r1x1_jpeg/cover/2/0/1/4/2014a42636b2e12385129bb3a6becb0c.jpg',NULL,297,'Dừng-Lại-Và-Quên-Thôi-(Original-Soundtrack-From-\"Kẻ-Độc-Hành\").mp3','2022-11-01',NULL,'2023-11-28 07:06:21','2023-11-28 09:11:54'),(1042,'Cơ Hội Thứ Hai (Nữ Chủ OST)',1,NULL,'https://photo-resize-zmp3.zmdcdn.me/w240_r1x1_jpeg/cover/b/1/e/7/b1e759c4b013843076ea24681375f5e8.jpg',NULL,373,'Cơ-Hội-Thứ-Hai-(Nữ-Chủ-OST).mp3','2023-02-20',NULL,'2023-11-28 07:06:21','2023-11-28 09:12:50'),(1043,'Cha Và Con (Theme Song From \"Dân Chơi Không Sợ Con Rơi\")',1,NULL,'https://photo-resize-zmp3.zmdcdn.me/w240_r1x1_jpeg/cover/0/8/c/f/08cf70a0dd81e5268bfa2aced0866cd6.jpg',NULL,371,'Cha-Và-Con-(Theme-Song-From-\"Dân-Chơi-Không-Sợ-Con-Rơi\").mp3','2022-07-30',NULL,'2023-11-28 07:06:21','2023-11-28 09:13:06'),(1044,'Là Mây Trên Bầu Trời Của Ai Đó',1,NULL,'https://photo-resize-zmp3.zmdcdn.me/w240_r1x1_jpeg/cover/d/3/1/6/d3168156ec2eba9223eb00cce1367869.jpg',NULL,277,'Là-Mây-Trên-Bầu-Trời-Của-Ai-Đó.mp3','2022-07-10',NULL,'2023-11-28 07:06:21','2023-11-28 09:13:18'),(1045,'Dưới Những Áng Mây Bay (Under The Clouds)',1,NULL,'https://photo-resize-zmp3.zmdcdn.me/w240_r1x1_jpeg/cover/8/5/0/c/850c05e1cabcd2be86cf3c98147bca63.jpg',NULL,239,'Dưới-Những-Áng-Mây-Bay-(Under-The-Clouds).mp3','2022-07-11',NULL,'2023-11-28 07:06:21','2023-11-28 09:13:28'),(1046,'Giấc Mơ Mẹ',1,NULL,'https://photo-resize-zmp3.zmdcdn.me/w240_r1x1_jpeg/cover/e/a/0/3/ea037ee49d98a46ba805e94830edfc13.jpg',NULL,251,'Giấc-Mơ-Mẹ.mp3','2022-06-28',NULL,'2023-11-28 07:06:21','2023-11-28 09:13:37'),(1047,'Hạnh Phúc Máu (DST Campaign)',1,NULL,'https://photo-resize-zmp3.zmdcdn.me/w240_r1x1_jpeg/cover/7/0/5/8/70587f50461941b8e7c5d7a749d61942.jpg',NULL,252,'Hạnh-Phúc-Máu-(DST-Campaign).mp3','2022-11-17',NULL,'2023-11-28 07:06:21','2023-11-28 09:13:54'),(1053,'Yêu Rồi (Gạo Nếp Gạo Tẻ OST)',1,NULL,'https://photo-resize-zmp3.zmdcdn.me/w240_r1x1_jpeg/cover/3/1/e/8/31e8275f10ed705f3cba773c55150e53.jpg',NULL,197,'Yêu-Rồi-(Gạo-Nếp-Gạo-Tẻ-OST).mp3',NULL,NULL,'2023-11-28 07:06:21','2023-11-28 09:16:17'),(1055,'Đừng Khóc Một Mình (Thiếu Gia Ở Đợ OST)',1,NULL,'https://photo-resize-zmp3.zmdcdn.me/w240_r1x1_jpeg/cover/2/4/d/6/24d676509b8cc2cd05c4a816c2b79904.jpg',NULL,226,'Đừng-Khóc-Một-Mình-(Thiếu-Gia-Ở-Đợ-OST).mp3',NULL,NULL,'2023-11-28 07:06:21','2023-11-28 09:16:56'),(1056,'Cảm Ơn Con Nhé (Về Nhà Đi Con OST)',1,NULL,'https://photo-resize-zmp3.zmdcdn.me/w240_r1x1_jpeg/cover/3/b/9/0/3b90a05bdd86753fe30db525eb8bca82.jpg',NULL,272,'Cảm-Ơn-Con-Nhé-(Về-Nhà-Đi-Con-OST).mp3',NULL,NULL,'2023-11-28 07:06:21','2023-11-28 09:17:11'),(1057,'Bỏ Lỡ Nhau Rồi (Hoàng Quý Muội OST)',1,NULL,'https://photo-resize-zmp3.zmdcdn.me/w240_r1x1_jpeg/cover/c/7/0/3/c7033eec8429dfdc5540d0e73ecaca48.jpg',NULL,317,'Bỏ-Lỡ-Nhau-Rồi-(Hoàng-Quý-Muội-OST).mp3','2020-12-25',NULL,'2023-11-28 07:06:21','2023-11-28 09:17:30'),(1058,'Không Sao Đâu Em (Tâm Sắc Tấm OST)',1,NULL,'https://photo-resize-zmp3.zmdcdn.me/w240_r1x1_jpeg/cover/3/3/b/6/33b610177a6842a7a0a60dd997999c3a.jpg',NULL,236,'Không-Sao-Đâu-Em-(Tâm-Sắc-Tấm-OST).mp3','2021-01-05',NULL,'2023-11-28 07:06:21','2023-11-28 09:17:46'),(1059,'Hương Tình Thân (Hương Vị Tình Thân OST)',1,NULL,'https://photo-resize-zmp3.zmdcdn.me/w240_r1x1_jpeg/cover/8/d/8/5/8d85956b2a97c740699d9a56e3a240bd.jpg',NULL,302,'Hương-Tình-Thân-(Hương-Vị-Tình-Thân-OST).mp3','2021-07-30',NULL,'2023-11-28 07:06:21','2023-11-28 09:17:58'),(1061,'Sẽ Mãi Một Tình Yêu (Hương Vị Tình Thân OST)',1,NULL,'https://photo-resize-zmp3.zmdcdn.me/w240_r1x1_jpeg/cover/a/3/a/d/a3ad3bac0ec41781f510fa7a8cff1b08.jpg',NULL,319,'Sẽ-Mãi-Một-Tình-Yêu-(Hương-Vị-Tình-Thân-OST).mp3','2021-09-11',NULL,'2023-11-28 07:06:21','2023-11-28 09:18:25'),(1062,'Hoài Niệm Xót Xa (Xóm Trọ OST)',1,NULL,'https://photo-resize-zmp3.zmdcdn.me/w240_r1x1_jpeg/avatars/4/2/c/1/42c156f76c691a835e2fb7ef5dbfd3b0.jpg',NULL,317,'Hoài-Niệm-Xót-Xa-(Xóm-Trọ-OST).mp3','2019-06-23',NULL,'2023-11-28 07:06:21','2023-11-28 09:18:36'),(1063,'Mình Yêu Nhau Từ Kiếp Nào (Ai Chết Giơ Tay OST)',1,NULL,'https://photo-resize-zmp3.zmdcdn.me/w240_r1x1_jpeg/cover/6/e/9/8/6e987d324b3f92b669056ca66e85efd1.jpg',NULL,295,'Mình-Yêu-Nhau-Từ-Kiếp-Nào-(Ai-Chết-Giơ-Tay-OST).mp3',NULL,NULL,'2023-11-28 07:06:21','2023-11-28 09:18:49'),(1064,'Xem Như Ta Chưa Từng (Ai Là Người Thứ Ba? OST)',1,NULL,'https://photo-resize-zmp3.zmdcdn.me/w240_r1x1_jpeg/cover/7/3/a/1/73a1b73208c4b50b6abef00b6a3907f8.jpg',NULL,197,'Xem-Như-Ta-Chưa-Từng-(Ai-Là-Người-Thứ-Ba?-OST).mp3',NULL,NULL,'2023-11-28 07:06:21','2023-11-28 09:19:08'),(1067,'Yêu Xa (Hậu Duệ Mặt Trời OST)',1,NULL,'https://photo-resize-zmp3.zmdcdn.me/w240_r1x1_jpeg/cover/8/3/1/4/831433dce804b1af0aaef93ed86bb4eb.jpg',NULL,278,'Yêu-Xa-(Hậu-Duệ-Mặt-Trời-OST).mp3',NULL,NULL,'2023-11-28 07:06:21','2023-11-28 09:19:55'),(1068,'Ta Từng Có Thanh Xuân (Tiến Bromance OST)',1,NULL,'https://photo-resize-zmp3.zmdcdn.me/w240_r1x1_jpeg/cover/8/6/8/7/8687bd8d23226c44258208be0151d462.jpg',NULL,338,'Ta-Từng-Có-Thanh-Xuân-(Tiến-Bromance-OST).mp3','2020-08-01',NULL,'2023-11-28 07:06:21','2023-11-28 09:20:17'),(1073,'Ta Còn Nợ Gì Nhau (Version 1) (Tiếng Sét Trong Mưa OST)',1,NULL,'https://photo-resize-zmp3.zmdcdn.me/w240_r1x1_jpeg/cover/0/9/4/5/09453760e08f89a1fdd008ce3b0d74e8.jpg',NULL,276,'Ta-Còn-Nợ-Gì-Nhau-(Version-1)-(Tiếng-Sét-Trong-Mưa-OST).mp3',NULL,NULL,'2023-11-28 07:06:21','2023-11-28 09:21:27'),(1206,'Like Tears In Rain',1,NULL,'https://photo-resize-zmp3.zmdcdn.me/w240_r1x1_jpeg/cover/f/2/e/1/f2e1daf8a4ab3389dda88a10139c34e7.jpg',NULL,239,'Like-Tears-In-Rain.mp3','2012-08-24',NULL,'2023-11-28 07:06:21','2023-11-28 09:59:58'),(1404,'Hái Sao',1,NULL,'https://photo-resize-zmp3.zmdcdn.me/w240_r1x1_jpeg/cover/d/3/d/c/d3dc08ea0d6c3bb9c40b11da203018b6.jpg',NULL,202,'Hái-Sao.mp3','2023-02-16',NULL,'2023-11-28 07:06:21','2023-11-28 10:57:09'),(1444,'3 1 0 7 7 - W/N ft. ( titie, Duongg )',1,NULL,'https://photo-resize-zmp3.zmdcdn.me/w240_r1x1_jpeg/cover/7/d/a/5/7da5ba4c9a2033b77dea182503d016a6.jpg',NULL,211,'3-1-0-7-7---W-N-ft.-(-titie,-Duongg-).mp3','2021-10-30',NULL,'2023-11-28 07:06:21','2023-11-28 11:03:59'),(1500,'Nếu Một Mai (Nhắm Mắt Thấy Mùa Hè OST)',1,NULL,'https://photo-resize-zmp3.zmdcdn.me/w240_r1x1_jpeg/cover/f/a/8/5/fa859c19951fd8d4b7597865b12aed8b.jpg',NULL,160,'Nếu-Một-Mai-(Nhắm-Mắt-Thấy-Mùa-Hè-OST).mp3',NULL,NULL,'2023-11-28 07:06:21','2023-11-28 11:14:44'),(1507,'Suýt Nữa Thì (Chuyến Đi Của Thanh Xuân OST)',1,NULL,'https://photo-resize-zmp3.zmdcdn.me/w240_r1x1_jpeg/cover/c/2/4/7/c2475264a30999a45a3c8bcf0e5f090d.jpg',NULL,283,'Suýt-Nữa-Thì-(Chuyến-Đi-Của-Thanh-Xuân-OST).mp3',NULL,NULL,'2023-11-28 07:06:21','2023-11-28 11:16:01'),(1511,'Nhắm Mắt Thấy Mùa Hè (Nhắm Mắt Thấy Mùa Hè OST)',1,NULL,'https://photo-resize-zmp3.zmdcdn.me/w240_r1x1_jpeg/cover/0/f/c/4/0fc402c35a86cbcb1054e4897958f75b.jpg',NULL,283,'Nhắm-Mắt-Thấy-Mùa-Hè-(Nhắm-Mắt-Thấy-Mùa-Hè-OST).mp3',NULL,NULL,'2023-11-28 07:06:21','2023-11-28 11:16:49'),(1715,'Ước Gì (Ông Ngoại Tuổi 30 OST)',1,NULL,'https://photo-resize-zmp3.zmdcdn.me/w240_r1x1_jpeg/cover/b/7/a/3/b7a37c7cc307cd73320f11904d6a7229.jpg',NULL,256,'Ước-Gì-(Ông-Ngoại-Tuổi-30-OST).mp3',NULL,NULL,'2023-11-28 07:06:21','2023-11-28 11:53:25'),(1757,'nevertheless',1,NULL,'https://photo-resize-zmp3.zmdcdn.me/w240_r1x1_jpeg/cover/3/f/f/a/3ffa3dae76a9ac460c84c858f62f4dbe.jpg',NULL,205,'nevertheless.mp3','2023-04-11',NULL,'2023-11-28 07:06:21','2023-11-28 11:59:31'),(1758,'Because I Love You',1,NULL,'https://photo-resize-zmp3.zmdcdn.me/w240_r1x1_jpeg/cover/b/c/1/f/bc1ff421719cf83616a2b7c3a6a72744.jpg',NULL,221,'Because-I-Love-You.mp3','2022-05-25',NULL,'2023-11-28 07:06:21','2023-11-28 11:59:38'),(1759,'I\'m Gonna Love You',1,NULL,'https://photo-resize-zmp3.zmdcdn.me/w240_r1x1_jpeg/cover/f/3/0/e/f30edc1cf7d358373ac5534a43581b96.jpg',NULL,152,'I\'m-Gonna-Love-You.mp3','2021-07-26',NULL,'2023-11-28 07:06:21','2023-11-28 11:59:43'),(1760,'Wait',1,NULL,'https://photo-resize-zmp3.zmdcdn.me/w240_r1x1_jpeg/cover/5/7/e/1/57e171b88ac002f44dc27e0527de3da1.jpg',NULL,249,'Wait.mp3','2018-12-13',NULL,'2023-11-28 07:06:21','2023-11-28 11:59:50'),(1761,'My Ultimate First Love',1,NULL,'https://photo-resize-zmp3.zmdcdn.me/w240_r1x1_jpeg/cover/f/3/5/2/f3520b24dba11156583d3dcf55083e2c.jpg',NULL,266,'My-Ultimate-First-Love.mp3','2023-05-14',NULL,'2023-11-28 07:06:21','2023-11-28 11:59:56'),(1762,'WHISTLE Acoustic Version',1,NULL,'https://photo-resize-zmp3.zmdcdn.me/w240_r1x1_jpeg/cover/5/4/2/5/54257d92fe87a1f2a87f1d1a8f49bc30.jpg',NULL,212,'WHISTLE-Acoustic-Version.mp3','2016-10-31',NULL,'2023-11-28 07:06:21','2023-11-28 12:00:03'),(1763,'WAYO',1,NULL,'https://photo-resize-zmp3.zmdcdn.me/w240_r1x1_jpeg/cover/c/4/4/9/c449371ee845244e5802465270716fa0.jpg',NULL,205,'WAYO.mp3','2020-06-05',NULL,'2023-11-28 07:06:21','2023-11-28 12:00:09'),(1764,'Some Days',1,NULL,'https://photo-resize-zmp3.zmdcdn.me/w240_r1x1_jpeg/cover/d/a/b/7/dab7104a9209e1118b71dec15ebc2bea.jpg',NULL,201,'Some-Days.mp3','2021-10-15',NULL,'2023-11-28 07:06:21','2023-11-28 12:00:17'),(1765,'Sweet Night',1,NULL,'https://photo-resize-zmp3.zmdcdn.me/w240_r1x1_jpeg/cover/3/6/b/1/36b1ee8e859425a29c3f46e33793f54d.jpg',NULL,214,'Sweet-Night.mp3','2020-03-13',NULL,'2023-11-28 07:06:21','2023-11-28 12:00:24'),(1766,'11:11',1,NULL,'https://photo-resize-zmp3.zmdcdn.me/w240_r1x1_jpeg/cover/8/f/8/2/8f82f95fa76dc18bfadc4e816fa062de.jpg',NULL,230,'11:11.mp3','2016-11-01',NULL,'2023-11-28 07:06:21','2023-11-28 12:00:30'),(1767,'Fall in love',1,NULL,'https://photo-resize-zmp3.zmdcdn.me/w240_r1x1_jpeg/cover/4/7/7/1/477103856a8682e8a28d7e76d1edc2da.jpg',NULL,212,'Fall-in-love.mp3','2021-07-25',NULL,'2023-11-28 07:06:21','2023-11-28 12:00:37'),(1768,'Through the Night',1,NULL,'https://photo-resize-zmp3.zmdcdn.me/w240_r1x1_jpeg/cover/3/5/4/a/354a6d4e5ed4626f9a896f445ccd261b.jpg',NULL,253,'Through-the-Night.mp3','2017-03-24',NULL,'2023-11-28 07:06:21','2023-11-28 12:00:44'),(1769,'헤어진 사이',1,NULL,'https://photo-resize-zmp3.zmdcdn.me/w240_r1x1_jpeg/cover/4/d/f/f/4dff0c2f9bc06b3860e408e69694484b.jpg',NULL,260,'헤어진-사이.mp3','2021-03-08',NULL,'2023-11-28 07:06:21','2023-11-28 12:00:52'),(1770,'My Sun',1,NULL,'https://photo-resize-zmp3.zmdcdn.me/w240_r1x1_jpeg/cover/2/d/7/4/2d74d273a24e1e3abbcf93fe9227a74d.jpg',NULL,190,'My-Sun.mp3','2020-09-23',NULL,'2023-11-28 07:06:21','2023-11-28 12:00:58'),(1771,'heart',1,NULL,'https://photo-resize-zmp3.zmdcdn.me/w240_r1x1_jpeg/cover/b/6/f/4/b6f44899eef5f3eea56d3d19ae6e1fbe.jpg',NULL,167,'heart.mp3','2015-05-18',NULL,'2023-11-28 07:06:21','2023-11-28 12:01:04'),(1773,'boyhood',1,NULL,'https://photo-resize-zmp3.zmdcdn.me/w240_r1x1_jpeg/cover/b/0/f/0/b0f09cf19e3337f7521c079ac769540d.jpg',NULL,195,'boyhood.mp3','2022-08-12',NULL,'2023-11-28 07:06:21','2023-11-28 12:01:18'),(1774,'On Off',1,NULL,'https://photo-resize-zmp3.zmdcdn.me/w240_r1x1_jpeg/covers/9/8/98069182336fdf0908cb98511dcd6ad0_1444182055.jpg',NULL,187,'On-Off.mp3',NULL,NULL,'2023-11-28 07:06:21','2023-11-28 12:01:24'),(1775,'45.7cm',1,NULL,'https://photo-resize-zmp3.zmdcdn.me/w240_r1x1_jpeg/covers/0/8/08f9cb7d828515920d079b1d03d98cad_1455292185.jpg',NULL,212,'45.7cm.mp3',NULL,NULL,'2023-11-28 07:06:21','2023-11-28 12:01:31'),(1776,'As long as we’re together (With J Rabbit)',1,NULL,'https://photo-resize-zmp3.zmdcdn.me/w240_r1x1_jpeg/cover/4/9/4/f/494f0554c0227cdef767938de1019943.jpg',NULL,234,'As-long-as-we’re-together-(With-J-Rabbit).mp3','2021-01-22',NULL,'2023-11-28 07:06:21','2023-11-28 12:01:40'),(1777,'Dear My',1,NULL,'https://photo-resize-zmp3.zmdcdn.me/w240_r1x1_jpeg/cover/e/3/7/f/e37f7b7b5e70bde0e4fb90b931e55c44.jpg',NULL,212,'Dear-My.mp3','2019-09-13',NULL,'2023-11-28 07:06:21','2023-11-28 12:01:48'),(1778,'Best regards',1,NULL,'https://photo-resize-zmp3.zmdcdn.me/w240_r1x1_jpeg/cover/6/7/4/9/67491554a68b8a3a49fe904adcd763fe.jpg',NULL,199,'Best-regards.mp3','2022-03-07',NULL,'2023-11-28 07:06:21','2023-11-28 12:01:56'),(1779,'Think About You',1,NULL,'https://photo-resize-zmp3.zmdcdn.me/w240_r1x1_jpeg/cover/3/0/f/c/30fca80e6ab1b55e17de2c6285f31113.jpg',NULL,224,'Think-About-You.mp3','2020-06-02',NULL,'2023-11-28 07:06:21','2023-11-28 12:02:05'),(1780,'Yesterday You Left Me',1,NULL,'https://photo-resize-zmp3.zmdcdn.me/w240_r1x1_jpeg/cover/4/9/2/e/492ed81a5b2b50f9aec0a540b0755797.jpg',NULL,223,'Yesterday-You-Left-Me.mp3','2021-11-11',NULL,'2023-11-28 07:06:21','2023-11-28 12:02:11'),(1781,'Behind the camera',1,NULL,'https://photo-resize-zmp3.zmdcdn.me/w240_r1x1_jpeg/cover/7/6/d/8/76d8b3c7be52506c9921e56bd5e0952a.jpg',NULL,238,'Behind-the-camera.mp3','2022-06-24',NULL,'2023-11-28 07:06:21','2023-11-28 12:02:18'),(1782,'You, Who?',1,NULL,'https://photo-resize-zmp3.zmdcdn.me/w240_r1x1_jpeg/cover/8/4/1/3/84130dbebc5d83d31f3fd3705415e762.jpg',NULL,219,'You,-Who?.mp3','2017-03-10',NULL,'2023-11-28 07:06:21','2023-11-28 12:02:24'),(1783,'Walking In The Rain',1,NULL,'https://photo-resize-zmp3.zmdcdn.me/w240_r1x1_jpeg/cover/e/c/c/1/ecc19a6be1e7b16ada2e1993f1c4a19e.jpg',NULL,249,'Walking-In-The-Rain.mp3','2020-08-04',NULL,'2023-11-28 07:06:21','2023-11-28 12:02:31'),(1784,'HONEY (Feat. Crucial Star)',1,NULL,'https://photo-resize-zmp3.zmdcdn.me/w240_r1x1_jpeg/cover/9/e/2/9/9e2921547ba3b9110d2aa2bc0e0fd126.jpg',NULL,228,'HONEY-(Feat.-Crucial-Star).mp3','2020-11-05',NULL,'2023-11-28 07:06:21','2023-11-28 12:02:37'),(1785,'Your Dog Loves You (Feat. Crush)',1,NULL,'https://photo-resize-zmp3.zmdcdn.me/w240_r1x1_jpeg/cover/4/d/7/e/4d7e468f63984f546ce4f45c6ef12c8f.jpg',NULL,270,'Your-Dog-Loves-You-(Feat.-Crush).mp3','2018-03-27',NULL,'2023-11-28 07:06:21','2023-11-28 12:02:43'),(1786,'Always You',1,NULL,'https://photo-resize-zmp3.zmdcdn.me/w240_r1x1_jpeg/cover/1/6/c/5/16c59742c5b5d58ed66a760f94c061d3.jpg',NULL,193,'Always-You.mp3','2018-04-11',NULL,'2023-11-28 07:06:21','2023-11-28 12:02:49'),(1787,'To My Unloving Self',1,NULL,'https://photo-resize-zmp3.zmdcdn.me/w240_r1x1_jpeg/cover/3/8/4/f/384fc468b62cffda7671e2ed5b2799f4.jpg',NULL,216,'To-My-Unloving-Self.mp3','2018-11-20',NULL,'2023-11-28 07:06:21','2023-11-28 12:02:56'),(1788,'Come Out, Let\'s Walk (feat. Joo Yein)',1,NULL,'https://photo-resize-zmp3.zmdcdn.me/w240_r1x1_jpeg/cover/2/2/a/f/22af98993cff40a5f366ecb9be89039b.jpg',NULL,235,'Come-Out,-Let\'s-Walk-(feat.-Joo-Yein).mp3','2015-07-23',NULL,'2023-11-28 07:06:21','2023-11-28 12:03:03'),(1789,'Coffee & Tea',1,NULL,'https://photo-resize-zmp3.zmdcdn.me/w240_r1x1_jpeg/cover/9/1/a/e/91aec607116202abc095daccf4207a03.jpg',NULL,194,'Coffee-&-Tea.mp3','2015-05-28',NULL,'2023-11-28 07:06:21','2023-11-28 12:03:09'),(1790,'Hug',1,NULL,'https://photo-resize-zmp3.zmdcdn.me/w240_r1x1_jpeg/cover/f/9/e/8/f9e82943d70f16f7a85f470dd9b016ee.jpg',NULL,159,'Hug.mp3','2019-01-21',NULL,'2023-11-28 07:06:21','2023-11-28 12:03:14'),(1792,'What can I do',1,NULL,'https://photo-resize-zmp3.zmdcdn.me/w240_r1x1_jpeg/cover/7/2/e/5/72e51d02a27a186af33f766f69670f1d.jpg',NULL,208,'What-can-I-do.mp3','2018-05-04',NULL,'2023-11-28 07:06:21','2023-11-28 12:03:27'),(1794,'Only Then',1,NULL,'https://photo-resize-zmp3.zmdcdn.me/w240_r1x1_jpeg/cover/6/1/8/a/618a6cc74d6bb59864946235f03f578e.jpg',NULL,249,'Only-Then.mp3','2018-02-12',NULL,'2023-11-28 07:06:21','2023-11-28 12:03:41'),(1795,'Wi Ing Wi Ing',1,NULL,'https://photo-resize-zmp3.zmdcdn.me/w240_r1x1_jpeg/cover/4/2/3/8/4238c37a880ed2fd9ad59595e1d4fd65.jpg',NULL,195,'Wi-Ing-Wi-Ing.mp3','2021-01-31',NULL,'2023-11-28 07:06:21','2023-11-28 12:03:48'),(1796,'Are we just friends?',1,NULL,'https://photo-resize-zmp3.zmdcdn.me/w240_r1x1_jpeg/cover/a/c/8/b/ac8b09e50cac97d28b0fa2f1bfae31cd.jpg',NULL,203,'Are-we-just-friends?.mp3','2023-03-22',NULL,'2023-11-28 07:06:21','2023-11-28 12:03:55'),(1797,'Where sorrow has passed​',1,NULL,'https://photo-resize-zmp3.zmdcdn.me/w240_r1x1_jpeg/cover/9/e/6/0/9e6031018a084a9df3d3f72a7342a680.jpg',NULL,247,'Where-sorrow-has-passed​.mp3','2022-12-14',NULL,'2023-11-28 07:06:21','2023-11-28 12:04:02'),(1960,'Erik satie : gymnopedie no.1',1,NULL,'https://photo-resize-zmp3.zmdcdn.me/w240_r1x1_jpeg/cover/3/f/7/6/3f76a0699edd1df721511ebad7478ef7.jpg',NULL,204,'Erik-satie-:-gymnopedie-no.1.mp3','2022-09-06',NULL,'2023-11-28 07:06:21','2023-11-28 12:24:39');
/*!40000 ALTER TABLE `songs` ENABLE KEYS */;
UNLOCK TABLES;

--
-- Table structure for table `songs_genres`
--

DROP TABLE IF EXISTS `songs_genres`;
/*!40101 SET @saved_cs_client     = @@character_set_client */;
/*!50503 SET character_set_client = utf8mb4 */;
CREATE TABLE `songs_genres` (
  `id` bigint unsigned NOT NULL AUTO_INCREMENT,
  `song_id` bigint unsigned NOT NULL,
  `genre_id` bigint unsigned NOT NULL,
  `created_at` timestamp NULL DEFAULT NULL,
  `updated_at` timestamp NULL DEFAULT NULL,
  PRIMARY KEY (`id`)
) ENGINE=InnoDB AUTO_INCREMENT=3849 DEFAULT CHARSET=utf8mb4 COLLATE=utf8mb4_unicode_ci;
/*!40101 SET character_set_client = @saved_cs_client */;

--
-- Dumping data for table `songs_genres`
--

LOCK TABLES `songs_genres` WRITE;
/*!40000 ALTER TABLE `songs_genres` DISABLE KEYS */;
INSERT INTO `songs_genres` VALUES (273,137,22,NULL,NULL),(274,137,23,NULL,NULL),(275,138,22,NULL,NULL),(280,141,18,NULL,NULL),(281,141,6,NULL,NULL),(282,141,20,NULL,NULL),(299,150,22,NULL,NULL),(300,150,24,NULL,NULL),(312,156,22,NULL,NULL),(327,164,22,NULL,NULL),(342,172,22,NULL,NULL),(343,172,23,NULL,NULL),(362,182,22,NULL,NULL),(366,185,22,NULL,NULL),(367,186,22,NULL,NULL),(368,186,23,NULL,NULL),(734,386,18,NULL,NULL),(735,386,30,NULL,NULL),(744,391,22,NULL,NULL),(745,391,23,NULL,NULL),(746,392,18,NULL,NULL),(747,392,6,NULL,NULL),(748,393,22,NULL,NULL),(752,395,18,NULL,NULL),(753,395,6,NULL,NULL),(754,395,20,NULL,NULL),(761,399,22,NULL,NULL),(762,400,22,NULL,NULL),(763,400,23,NULL,NULL),(776,407,22,NULL,NULL),(777,407,23,NULL,NULL),(778,408,22,NULL,NULL),(779,408,24,NULL,NULL),(790,414,22,NULL,NULL),(791,415,22,NULL,NULL),(792,415,24,NULL,NULL),(813,426,22,NULL,NULL),(818,429,22,NULL,NULL),(819,429,27,NULL,NULL),(834,437,18,NULL,NULL),(835,437,6,NULL,NULL),(836,437,20,NULL,NULL),(1363,696,22,NULL,NULL),(1366,698,22,NULL,NULL),(1410,720,18,NULL,NULL),(1411,720,30,NULL,NULL),(1414,722,18,NULL,NULL),(1415,722,30,NULL,NULL),(1421,726,18,NULL,NULL),(1422,726,30,NULL,NULL),(1427,729,18,NULL,NULL),(1428,729,30,NULL,NULL),(1447,739,18,NULL,NULL),(1448,739,30,NULL,NULL),(1449,740,18,NULL,NULL),(1450,740,30,NULL,NULL),(1451,741,18,NULL,NULL),(1452,741,30,NULL,NULL),(1453,742,18,NULL,NULL),(1454,742,30,NULL,NULL),(1455,743,18,NULL,NULL),(1456,743,30,NULL,NULL),(1463,747,18,NULL,NULL),(1464,747,30,NULL,NULL),(1467,749,18,NULL,NULL),(1468,749,30,NULL,NULL),(1471,751,18,NULL,NULL),(1472,751,30,NULL,NULL),(1473,752,18,NULL,NULL),(1474,752,30,NULL,NULL),(1475,753,18,NULL,NULL),(1476,753,30,NULL,NULL),(1489,760,18,NULL,NULL),(1490,760,30,NULL,NULL),(1500,766,22,NULL,NULL),(1501,767,22,NULL,NULL),(1502,767,23,NULL,NULL),(1503,768,22,NULL,NULL),(1504,768,24,NULL,NULL),(1505,769,22,NULL,NULL),(1506,769,24,NULL,NULL),(1507,770,22,NULL,NULL),(1508,771,22,NULL,NULL),(1509,772,22,NULL,NULL),(1510,772,24,NULL,NULL),(1511,773,22,NULL,NULL),(1512,773,23,NULL,NULL),(1513,774,22,NULL,NULL),(1514,774,11,NULL,NULL),(1515,775,22,NULL,NULL),(1516,776,22,NULL,NULL),(1517,776,24,NULL,NULL),(1518,777,22,NULL,NULL),(1519,777,24,NULL,NULL),(1520,778,22,NULL,NULL),(1521,778,23,NULL,NULL),(1522,779,22,NULL,NULL),(1523,779,24,NULL,NULL),(1524,780,22,NULL,NULL),(1525,781,22,NULL,NULL),(1526,782,22,NULL,NULL),(1527,783,22,NULL,NULL),(1528,784,22,NULL,NULL),(1529,784,24,NULL,NULL),(1530,785,22,NULL,NULL),(1531,786,22,NULL,NULL),(1532,786,24,NULL,NULL),(1533,787,22,NULL,NULL),(1534,788,22,NULL,NULL),(1535,788,24,NULL,NULL),(1536,789,22,NULL,NULL),(1537,790,22,NULL,NULL),(1538,790,24,NULL,NULL),(1539,791,22,NULL,NULL),(1540,791,23,NULL,NULL),(1541,792,22,NULL,NULL),(1542,792,24,NULL,NULL),(1543,793,22,NULL,NULL),(1544,793,24,NULL,NULL),(1545,794,22,NULL,NULL),(1546,795,22,NULL,NULL),(1547,795,23,NULL,NULL),(1548,796,22,NULL,NULL),(1549,797,22,NULL,NULL),(1550,798,22,NULL,NULL),(1551,798,23,NULL,NULL),(1552,799,22,NULL,NULL),(1553,799,24,NULL,NULL),(1554,800,22,NULL,NULL),(1555,800,24,NULL,NULL),(1556,801,22,NULL,NULL),(1557,801,24,NULL,NULL),(1558,802,22,NULL,NULL),(1559,802,23,NULL,NULL),(1560,803,22,NULL,NULL),(1561,803,24,NULL,NULL),(1562,804,22,NULL,NULL),(1563,804,23,NULL,NULL),(1564,805,22,NULL,NULL),(1565,805,24,NULL,NULL),(1566,806,22,NULL,NULL),(1567,806,24,NULL,NULL),(1568,807,22,NULL,NULL),(1569,807,24,NULL,NULL),(1570,808,22,NULL,NULL),(1571,809,22,NULL,NULL),(1572,809,23,NULL,NULL),(1573,810,22,NULL,NULL),(1574,811,22,NULL,NULL),(1575,811,23,NULL,NULL),(1576,812,22,NULL,NULL),(1577,812,23,NULL,NULL),(1578,813,22,NULL,NULL),(1589,819,18,NULL,NULL),(1590,819,30,NULL,NULL),(1593,821,18,NULL,NULL),(1594,821,30,NULL,NULL),(1597,823,18,NULL,NULL),(1598,823,30,NULL,NULL),(1599,824,18,NULL,NULL),(1600,824,30,NULL,NULL),(1609,829,18,NULL,NULL),(1610,829,30,NULL,NULL),(1613,831,18,NULL,NULL),(1614,831,30,NULL,NULL),(1623,836,18,NULL,NULL),(1624,836,30,NULL,NULL),(1631,840,18,NULL,NULL),(1632,840,30,NULL,NULL),(1635,842,18,NULL,NULL),(1636,842,30,NULL,NULL),(1651,850,18,NULL,NULL),(1652,850,30,NULL,NULL),(1657,853,18,NULL,NULL),(1658,853,30,NULL,NULL),(1666,857,18,NULL,NULL),(1667,857,30,NULL,NULL),(1670,859,18,NULL,NULL),(1671,859,30,NULL,NULL),(1712,880,18,NULL,NULL),(1713,880,30,NULL,NULL),(1721,885,18,NULL,NULL),(1722,885,30,NULL,NULL),(1796,923,18,NULL,NULL),(1797,923,30,NULL,NULL),(1800,925,18,NULL,NULL),(1801,925,30,NULL,NULL),(1825,938,18,NULL,NULL),(1826,938,30,NULL,NULL),(1829,940,18,NULL,NULL),(1830,940,30,NULL,NULL),(1833,942,18,NULL,NULL),(1834,942,30,NULL,NULL),(1845,948,18,NULL,NULL),(1846,948,30,NULL,NULL),(1859,955,18,NULL,NULL),(1860,955,30,NULL,NULL),(1893,973,18,NULL,NULL),(1894,973,30,NULL,NULL),(1910,981,18,NULL,NULL),(1911,981,30,NULL,NULL),(1914,983,18,NULL,NULL),(1915,983,30,NULL,NULL),(1916,984,18,NULL,NULL),(1917,984,30,NULL,NULL),(1923,987,18,NULL,NULL),(1924,987,30,NULL,NULL),(1925,988,18,NULL,NULL),(1926,988,30,NULL,NULL),(1927,989,18,NULL,NULL),(1928,989,30,NULL,NULL),(1940,996,18,NULL,NULL),(1941,996,30,NULL,NULL),(1942,997,18,NULL,NULL),(1943,997,30,NULL,NULL),(1946,999,18,NULL,NULL),(1947,999,30,NULL,NULL),(2003,1029,18,NULL,NULL),(2004,1029,6,NULL,NULL),(2005,1029,20,NULL,NULL),(2006,1030,18,NULL,NULL),(2007,1030,6,NULL,NULL),(2008,1030,20,NULL,NULL),(2009,1031,18,NULL,NULL),(2010,1031,6,NULL,NULL),(2011,1031,20,NULL,NULL),(2014,1033,18,NULL,NULL),(2015,1033,6,NULL,NULL),(2016,1033,20,NULL,NULL),(2019,1035,18,NULL,NULL),(2020,1035,6,NULL,NULL),(2021,1035,20,NULL,NULL),(2022,1036,18,NULL,NULL),(2023,1036,6,NULL,NULL),(2024,1036,20,NULL,NULL),(2025,1037,18,NULL,NULL),(2026,1037,6,NULL,NULL),(2027,1037,20,NULL,NULL),(2028,1038,18,NULL,NULL),(2029,1038,6,NULL,NULL),(2030,1038,20,NULL,NULL),(2031,1039,18,NULL,NULL),(2032,1039,6,NULL,NULL),(2033,1039,20,NULL,NULL),(2038,1042,18,NULL,NULL),(2039,1042,6,NULL,NULL),(2040,1042,20,NULL,NULL),(2041,1043,18,NULL,NULL),(2042,1043,6,NULL,NULL),(2043,1044,18,NULL,NULL),(2044,1044,6,NULL,NULL),(2045,1044,20,NULL,NULL),(2046,1045,18,NULL,NULL),(2047,1045,6,NULL,NULL),(2048,1045,20,NULL,NULL),(2049,1046,6,NULL,NULL),(2050,1046,18,NULL,NULL),(2051,1046,20,NULL,NULL),(2052,1047,18,NULL,NULL),(2053,1047,6,NULL,NULL),(2054,1047,20,NULL,NULL),(2065,1053,18,NULL,NULL),(2066,1053,6,NULL,NULL),(2067,1053,20,NULL,NULL),(2070,1055,18,NULL,NULL),(2071,1055,6,NULL,NULL),(2072,1055,20,NULL,NULL),(2073,1056,18,NULL,NULL),(2074,1056,6,NULL,NULL),(2075,1056,20,NULL,NULL),(2076,1057,18,NULL,NULL),(2077,1057,6,NULL,NULL),(2078,1057,20,NULL,NULL),(2079,1058,18,NULL,NULL),(2080,1058,6,NULL,NULL),(2081,1058,20,NULL,NULL),(2082,1059,18,NULL,NULL),(2083,1059,6,NULL,NULL),(2084,1059,20,NULL,NULL),(2087,1061,18,NULL,NULL),(2088,1061,6,NULL,NULL),(2089,1061,20,NULL,NULL),(2090,1062,18,NULL,NULL),(2091,1062,6,NULL,NULL),(2092,1062,20,NULL,NULL),(2093,1063,18,NULL,NULL),(2094,1063,6,NULL,NULL),(2095,1064,18,NULL,NULL),(2096,1064,6,NULL,NULL),(2097,1064,20,NULL,NULL),(2103,1067,18,NULL,NULL),(2104,1067,6,NULL,NULL),(2105,1067,20,NULL,NULL),(2106,1068,18,NULL,NULL),(2107,1068,6,NULL,NULL),(2117,1073,18,NULL,NULL),(2118,1073,6,NULL,NULL),(2119,1073,20,NULL,NULL),(2387,1206,22,NULL,NULL),(2774,1404,18,NULL,NULL),(2775,1404,30,NULL,NULL),(2853,1444,18,NULL,NULL),(2854,1444,30,NULL,NULL),(2964,1500,18,NULL,NULL),(2965,1500,6,NULL,NULL),(2978,1507,18,NULL,NULL),(2979,1507,6,NULL,NULL),(2980,1507,20,NULL,NULL),(2987,1511,18,NULL,NULL),(2988,1511,6,NULL,NULL),(3390,1715,18,NULL,NULL),(3391,1715,6,NULL,NULL),(3473,1757,22,NULL,NULL),(3474,1758,22,NULL,NULL),(3475,1759,22,NULL,NULL),(3476,1759,23,NULL,NULL),(3477,1760,22,NULL,NULL),(3478,1760,23,NULL,NULL),(3479,1761,22,NULL,NULL),(3480,1762,22,NULL,NULL),(3481,1762,23,NULL,NULL),(3482,1763,22,NULL,NULL),(3483,1763,5,NULL,NULL),(3484,1764,22,NULL,NULL),(3485,1764,23,NULL,NULL),(3486,1765,22,NULL,NULL),(3487,1766,22,NULL,NULL),(3488,1766,23,NULL,NULL),(3489,1767,22,NULL,NULL),(3490,1768,22,NULL,NULL),(3491,1768,23,NULL,NULL),(3492,1769,22,NULL,NULL),(3493,1770,22,NULL,NULL),(3494,1771,22,NULL,NULL),(3498,1773,22,NULL,NULL),(3499,1774,22,NULL,NULL),(3500,1774,23,NULL,NULL),(3501,1775,22,NULL,NULL),(3502,1775,23,NULL,NULL),(3503,1776,22,NULL,NULL),(3504,1777,22,NULL,NULL),(3505,1778,22,NULL,NULL),(3506,1778,5,NULL,NULL),(3507,1779,22,NULL,NULL),(3508,1780,22,NULL,NULL),(3509,1781,22,NULL,NULL),(3510,1782,22,NULL,NULL),(3511,1783,22,NULL,NULL),(3512,1783,5,NULL,NULL),(3513,1784,22,NULL,NULL),(3514,1785,22,NULL,NULL),(3515,1785,5,NULL,NULL),(3516,1786,22,NULL,NULL),(3517,1787,22,NULL,NULL),(3518,1788,22,NULL,NULL),(3519,1789,22,NULL,NULL),(3520,1790,22,NULL,NULL),(3523,1792,22,NULL,NULL),(3524,1792,23,NULL,NULL),(3527,1794,22,NULL,NULL),(3528,1795,22,NULL,NULL),(3529,1796,22,NULL,NULL),(3530,1797,22,NULL,NULL),(3848,1960,22,NULL,NULL);
/*!40000 ALTER TABLE `songs_genres` ENABLE KEYS */;
UNLOCK TABLES;
/*!40103 SET TIME_ZONE=@OLD_TIME_ZONE */;

/*!40101 SET SQL_MODE=@OLD_SQL_MODE */;
/*!40014 SET FOREIGN_KEY_CHECKS=@OLD_FOREIGN_KEY_CHECKS */;
/*!40014 SET UNIQUE_CHECKS=@OLD_UNIQUE_CHECKS */;
/*!40101 SET CHARACTER_SET_CLIENT=@OLD_CHARACTER_SET_CLIENT */;
/*!40101 SET CHARACTER_SET_RESULTS=@OLD_CHARACTER_SET_RESULTS */;
/*!40101 SET COLLATION_CONNECTION=@OLD_COLLATION_CONNECTION */;
/*!40111 SET SQL_NOTES=@OLD_SQL_NOTES */;

-- Dump completed on 2024-01-06  0:53:21
